Publication,Scenario,Category,Product,Flow,Unit,Year,Value
Net Zero by 2050,Net-Zero Emissions by 2050,Energy,Total,Total energy supply,EJ,2019,612
Net Zero by 2050,Net-Zero Emissions by 2050,Energy,Total,Total energy supply,EJ,2020,587
Net Zero by 2050,Net-Zero Emissions by 2050,Energy,Total,Total energy supply,EJ,2030,547
Net Zero by 2050,Net-Zero Emissions by 2050,Energy,Total,Total energy supply,EJ,2040,535
Net Zero by 2050,Net-Zero Emissions by 2050,Energy,Total,Total energy supply,EJ,2050,543
Net Zero by 2050,Net-Zero Emissions by 2050,Energy,Renewables,Total energy supply,EJ,2019,67
Net Zero by 2050,Net-Zero Emissions by 2050,Energy,Renewables,Total energy supply,EJ,2020,69
Net Zero by 2050,Net-Zero Emissions by 2050,Energy,Renewables,Total energy supply,EJ,2030,167
Net Zero by 2050,Net-Zero Emissions by 2050,Energy,Renewables,Total energy supply,EJ,2040,295
Net Zero by 2050,Net-Zero Emissions by 2050,Energy,Renewables,Total energy supply,EJ,2050,362
Net Zero by 2050,Net-Zero Emissions by 2050,Energy,Solar,Total energy supply,EJ,2019,4
Net Zero by 2050,Net-Zero Emissions by 2050,Energy,Solar,Total energy supply,EJ,2020,5
Net Zero by 2050,Net-Zero Emissions by 2050,Energy,Solar,Total energy supply,EJ,2030,32
Net Zero by 2050,Net-Zero Emissions by 2050,Energy,Solar,Total energy supply,EJ,2040,78
Net Zero by 2050,Net-Zero Emissions by 2050,Energy,Solar,Total energy supply,EJ,2050,109
Net Zero by 2050,Net-Zero Emissions by 2050,Energy,Wind,Total energy supply,EJ,2019,5
Net Zero by 2050,Net-Zero Emissions by 2050,Energy,Wind,Total energy supply,EJ,2020,6
Net Zero by 2050,Net-Zero Emissions by 2050,Energy,Wind,Total energy supply,EJ,2030,29
Net Zero by 2050,Net-Zero Emissions by 2050,Energy,Wind,Total energy supply,EJ,2040,67
Net Zero by 2050,Net-Zero Emissions by 2050,Energy,Wind,Total energy supply,EJ,2050,89
Net Zero by 2050,Net-Zero Emissions by 2050,Energy,Hydro,Total energy supply,EJ,2019,15
Net Zero by 2050,Net-Zero Emissions by 2050,Energy,Hydro,Total energy supply,EJ,2020,16
Net Zero by 2050,Net-Zero Emissions by 2050,Energy,Hydro,Total energy supply,EJ,2030,21
Net Zero by 2050,Net-Zero Emissions by 2050,Energy,Hydro,Total energy supply,EJ,2040,27
Net Zero by 2050,Net-Zero Emissions by 2050,Energy,Hydro,Total energy supply,EJ,2050,30
Net Zero by 2050,Net-Zero Emissions by 2050,Energy,Modern solid bioenergy,Total energy supply,EJ,2019,31
Net Zero by 2050,Net-Zero Emissions by 2050,Energy,Modern solid bioenergy,Total energy supply,EJ,2020,32
Net Zero by 2050,Net-Zero Emissions by 2050,Energy,Modern solid bioenergy,Total energy supply,EJ,2030,54
Net Zero by 2050,Net-Zero Emissions by 2050,Energy,Modern solid bioenergy,Total energy supply,EJ,2040,73
Net Zero by 2050,Net-Zero Emissions by 2050,Energy,Modern solid bioenergy,Total energy supply,EJ,2050,73
Net Zero by 2050,Net-Zero Emissions by 2050,Energy,Modern liquid bioenergy,Total energy supply,EJ,2019,4
Net Zero by 2050,Net-Zero Emissions by 2050,Energy,Modern liquid bioenergy,Total energy supply,EJ,2020,3
Net Zero by 2050,Net-Zero Emissions by 2050,Energy,Modern liquid bioenergy,Total energy supply,EJ,2030,12
Net Zero by 2050,Net-Zero Emissions by 2050,Energy,Modern liquid bioenergy,Total energy supply,EJ,2040,14
Net Zero by 2050,Net-Zero Emissions by 2050,Energy,Modern liquid bioenergy,Total energy supply,EJ,2050,15
Net Zero by 2050,Net-Zero Emissions by 2050,Energy,Modern gaseous bioenergy,Total energy supply,EJ,2019,2
Net Zero by 2050,Net-Zero Emissions by 2050,Energy,Modern gaseous bioenergy,Total energy supply,EJ,2020,2
Net Zero by 2050,Net-Zero Emissions by 2050,Energy,Modern gaseous bioenergy,Total energy supply,EJ,2030,5
Net Zero by 2050,Net-Zero Emissions by 2050,Energy,Modern gaseous bioenergy,Total energy supply,EJ,2040,10
Net Zero by 2050,Net-Zero Emissions by 2050,Energy,Modern gaseous bioenergy,Total energy supply,EJ,2050,14
Net Zero by 2050,Net-Zero Emissions by 2050,Energy,Other renewables,Total energy supply,EJ,2019,4
Net Zero by 2050,Net-Zero Emissions by 2050,Energy,Other renewables,Total energy supply,EJ,2020,5
Net Zero by 2050,Net-Zero Emissions by 2050,Energy,Other renewables,Total energy supply,EJ,2030,13
Net Zero by 2050,Net-Zero Emissions by 2050,Energy,Other renewables,Total energy supply,EJ,2040,24
Net Zero by 2050,Net-Zero Emissions by 2050,Energy,Other renewables,Total energy supply,EJ,2050,32
Net Zero by 2050,Net-Zero Emissions by 2050,Energy,Traditional use of biomass,Total energy supply,EJ,2019,25
Net Zero by 2050,Net-Zero Emissions by 2050,Energy,Traditional use of biomass,Total energy supply,EJ,2020,25
Net Zero by 2050,Net-Zero Emissions by 2050,Energy,Traditional use of biomass,Total energy supply,EJ,2030,0
Net Zero by 2050,Net-Zero Emissions by 2050,Energy,Traditional use of biomass,Total energy supply,EJ,2040,0
Net Zero by 2050,Net-Zero Emissions by 2050,Energy,Traditional use of biomass,Total energy supply,EJ,2050,0
Net Zero by 2050,Net-Zero Emissions by 2050,Energy,Nuclear,Total energy supply,EJ,2019,30
Net Zero by 2050,Net-Zero Emissions by 2050,Energy,Nuclear,Total energy supply,EJ,2020,29
Net Zero by 2050,Net-Zero Emissions by 2050,Energy,Nuclear,Total energy supply,EJ,2030,41
Net Zero by 2050,Net-Zero Emissions by 2050,Energy,Nuclear,Total energy supply,EJ,2040,54
Net Zero by 2050,Net-Zero Emissions by 2050,Energy,Nuclear,Total energy supply,EJ,2050,61
Net Zero by 2050,Net-Zero Emissions by 2050,Energy,Unabated natural gas,Total energy supply,EJ,2019,139
Net Zero by 2050,Net-Zero Emissions by 2050,Energy,Unabated natural gas,Total energy supply,EJ,2020,136
Net Zero by 2050,Net-Zero Emissions by 2050,Energy,Unabated natural gas,Total energy supply,EJ,2030,116
Net Zero by 2050,Net-Zero Emissions by 2050,Energy,Unabated natural gas,Total energy supply,EJ,2040,44
Net Zero by 2050,Net-Zero Emissions by 2050,Energy,Unabated natural gas,Total energy supply,EJ,2050,17
Net Zero by 2050,Net-Zero Emissions by 2050,Energy,Natural gas with CCUS,Total energy supply,EJ,2019,0
Net Zero by 2050,Net-Zero Emissions by 2050,Energy,Natural gas with CCUS,Total energy supply,EJ,2020,1
Net Zero by 2050,Net-Zero Emissions by 2050,Energy,Natural gas with CCUS,Total energy supply,EJ,2030,13
Net Zero by 2050,Net-Zero Emissions by 2050,Energy,Natural gas with CCUS,Total energy supply,EJ,2040,31
Net Zero by 2050,Net-Zero Emissions by 2050,Energy,Natural gas with CCUS,Total energy supply,EJ,2050,43
Net Zero by 2050,Net-Zero Emissions by 2050,Energy,Oil products,Total energy supply,EJ,2019,190
Net Zero by 2050,Net-Zero Emissions by 2050,Energy,Oil products,Total energy supply,EJ,2020,173
Net Zero by 2050,Net-Zero Emissions by 2050,Energy,Oil products,Total energy supply,EJ,2030,137
Net Zero by 2050,Net-Zero Emissions by 2050,Energy,Oil products,Total energy supply,EJ,2040,79
Net Zero by 2050,Net-Zero Emissions by 2050,Energy,Oil products,Total energy supply,EJ,2050,42
Net Zero by 2050,Net-Zero Emissions by 2050,Energy,Oil products,Non-energy use,EJ,2019,28
Net Zero by 2050,Net-Zero Emissions by 2050,Energy,Oil products,Non-energy use,EJ,2020,27
Net Zero by 2050,Net-Zero Emissions by 2050,Energy,Oil products,Non-energy use,EJ,2030,32
Net Zero by 2050,Net-Zero Emissions by 2050,Energy,Oil products,Non-energy use,EJ,2040,31
Net Zero by 2050,Net-Zero Emissions by 2050,Energy,Oil products,Non-energy use,EJ,2050,29
Net Zero by 2050,Net-Zero Emissions by 2050,Energy,Unabated coal,Total energy supply,EJ,2019,160
Net Zero by 2050,Net-Zero Emissions by 2050,Energy,Unabated coal,Total energy supply,EJ,2020,154
Net Zero by 2050,Net-Zero Emissions by 2050,Energy,Unabated coal,Total energy supply,EJ,2030,68
Net Zero by 2050,Net-Zero Emissions by 2050,Energy,Unabated coal,Total energy supply,EJ,2040,16
Net Zero by 2050,Net-Zero Emissions by 2050,Energy,Unabated coal,Total energy supply,EJ,2050,3
Net Zero by 2050,Net-Zero Emissions by 2050,Energy,Coal with CCUS,Total energy supply,EJ,2019,0
Net Zero by 2050,Net-Zero Emissions by 2050,Energy,Coal with CCUS,Total energy supply,EJ,2020,0
Net Zero by 2050,Net-Zero Emissions by 2050,Energy,Coal with CCUS,Total energy supply,EJ,2030,4
Net Zero by 2050,Net-Zero Emissions by 2050,Energy,Coal with CCUS,Total energy supply,EJ,2040,16
Net Zero by 2050,Net-Zero Emissions by 2050,Energy,Coal with CCUS,Total energy supply,EJ,2050,14
Net Zero by 2050,Net-Zero Emissions by 2050,Energy,Total,Power sector inputs,EJ,2019,233
Net Zero by 2050,Net-Zero Emissions by 2050,Energy,Total,Power sector inputs,EJ,2020,230
Net Zero by 2050,Net-Zero Emissions by 2050,Energy,Total,Power sector inputs,EJ,2030,240
Net Zero by 2050,Net-Zero Emissions by 2050,Energy,Total,Power sector inputs,EJ,2040,308
Net Zero by 2050,Net-Zero Emissions by 2050,Energy,Total,Power sector inputs,EJ,2050,371
Net Zero by 2050,Net-Zero Emissions by 2050,Energy,Renewables,Power sector inputs,EJ,2019,36
Net Zero by 2050,Net-Zero Emissions by 2050,Energy,Renewables,Power sector inputs,EJ,2020,38
Net Zero by 2050,Net-Zero Emissions by 2050,Energy,Renewables,Power sector inputs,EJ,2030,107
Net Zero by 2050,Net-Zero Emissions by 2050,Energy,Renewables,Power sector inputs,EJ,2040,220
Net Zero by 2050,Net-Zero Emissions by 2050,Energy,Renewables,Power sector inputs,EJ,2050,284
Net Zero by 2050,Net-Zero Emissions by 2050,Energy,Solar PV,Power sector inputs,EJ,2019,2
Net Zero by 2050,Net-Zero Emissions by 2050,Energy,Solar PV,Power sector inputs,EJ,2020,3
Net Zero by 2050,Net-Zero Emissions by 2050,Energy,Solar PV,Power sector inputs,EJ,2030,25
Net Zero by 2050,Net-Zero Emissions by 2050,Energy,Solar PV,Power sector inputs,EJ,2040,61
Net Zero by 2050,Net-Zero Emissions by 2050,Energy,Solar PV,Power sector inputs,EJ,2050,84
Net Zero by 2050,Net-Zero Emissions by 2050,Energy,Wind,Power sector inputs,EJ,2019,5
Net Zero by 2050,Net-Zero Emissions by 2050,Energy,Wind,Power sector inputs,EJ,2020,6
Net Zero by 2050,Net-Zero Emissions by 2050,Energy,Wind,Power sector inputs,EJ,2030,29
Net Zero by 2050,Net-Zero Emissions by 2050,Energy,Wind,Power sector inputs,EJ,2040,67
Net Zero by 2050,Net-Zero Emissions by 2050,Energy,Wind,Power sector inputs,EJ,2050,89
Net Zero by 2050,Net-Zero Emissions by 2050,Energy,Hydro,Power sector inputs,EJ,2019,15
Net Zero by 2050,Net-Zero Emissions by 2050,Energy,Hydro,Power sector inputs,EJ,2020,16
Net Zero by 2050,Net-Zero Emissions by 2050,Energy,Hydro,Power sector inputs,EJ,2030,21
Net Zero by 2050,Net-Zero Emissions by 2050,Energy,Hydro,Power sector inputs,EJ,2040,27
Net Zero by 2050,Net-Zero Emissions by 2050,Energy,Hydro,Power sector inputs,EJ,2050,30
Net Zero by 2050,Net-Zero Emissions by 2050,Energy,Bioenergy and waste,Power sector inputs,EJ,2019,9
Net Zero by 2050,Net-Zero Emissions by 2050,Energy,Bioenergy and waste,Power sector inputs,EJ,2020,10
Net Zero by 2050,Net-Zero Emissions by 2050,Energy,Bioenergy and waste,Power sector inputs,EJ,2030,18
Net Zero by 2050,Net-Zero Emissions by 2050,Energy,Bioenergy and waste,Power sector inputs,EJ,2040,35
Net Zero by 2050,Net-Zero Emissions by 2050,Energy,Bioenergy and waste,Power sector inputs,EJ,2050,39
Net Zero by 2050,Net-Zero Emissions by 2050,Energy,Other renewables,Power sector inputs,EJ,2019,4
Net Zero by 2050,Net-Zero Emissions by 2050,Energy,Other renewables,Power sector inputs,EJ,2020,4
Net Zero by 2050,Net-Zero Emissions by 2050,Energy,Other renewables,Power sector inputs,EJ,2030,14
Net Zero by 2050,Net-Zero Emissions by 2050,Energy,Other renewables,Power sector inputs,EJ,2040,30
Net Zero by 2050,Net-Zero Emissions by 2050,Energy,Other renewables,Power sector inputs,EJ,2050,42
Net Zero by 2050,Net-Zero Emissions by 2050,Energy,Hydrogen,Power sector inputs,EJ,2019,0
Net Zero by 2050,Net-Zero Emissions by 2050,Energy,Hydrogen,Power sector inputs,EJ,2020,0
Net Zero by 2050,Net-Zero Emissions by 2050,Energy,Hydrogen,Power sector inputs,EJ,2030,5
Net Zero by 2050,Net-Zero Emissions by 2050,Energy,Hydrogen,Power sector inputs,EJ,2040,11
Net Zero by 2050,Net-Zero Emissions by 2050,Energy,Hydrogen,Power sector inputs,EJ,2050,11
Net Zero by 2050,Net-Zero Emissions by 2050,Energy,Ammonia,Power sector inputs,EJ,2019,0
Net Zero by 2050,Net-Zero Emissions by 2050,Energy,Ammonia,Power sector inputs,EJ,2020,0
Net Zero by 2050,Net-Zero Emissions by 2050,Energy,Ammonia,Power sector inputs,EJ,2030,1
Net Zero by 2050,Net-Zero Emissions by 2050,Energy,Ammonia,Power sector inputs,EJ,2040,2
Net Zero by 2050,Net-Zero Emissions by 2050,Energy,Ammonia,Power sector inputs,EJ,2050,2
Net Zero by 2050,Net-Zero Emissions by 2050,Energy,Nuclear,Power sector inputs,EJ,2019,30
Net Zero by 2050,Net-Zero Emissions by 2050,Energy,Nuclear,Power sector inputs,EJ,2020,29
Net Zero by 2050,Net-Zero Emissions by 2050,Energy,Nuclear,Power sector inputs,EJ,2030,41
Net Zero by 2050,Net-Zero Emissions by 2050,Energy,Nuclear,Power sector inputs,EJ,2040,54
Net Zero by 2050,Net-Zero Emissions by 2050,Energy,Nuclear,Power sector inputs,EJ,2050,61
Net Zero by 2050,Net-Zero Emissions by 2050,Energy,Unabated natural gas,Power sector inputs,EJ,2019,56
Net Zero by 2050,Net-Zero Emissions by 2050,Energy,Unabated natural gas,Power sector inputs,EJ,2020,55
Net Zero by 2050,Net-Zero Emissions by 2050,Energy,Unabated natural gas,Power sector inputs,EJ,2030,49
Net Zero by 2050,Net-Zero Emissions by 2050,Energy,Unabated natural gas,Power sector inputs,EJ,2040,4
Net Zero by 2050,Net-Zero Emissions by 2050,Energy,Unabated natural gas,Power sector inputs,EJ,2050,2
Net Zero by 2050,Net-Zero Emissions by 2050,Energy,Natural gas with CCUS,Power sector inputs,EJ,2019,0
Net Zero by 2050,Net-Zero Emissions by 2050,Energy,Natural gas with CCUS,Power sector inputs,EJ,2020,0
Net Zero by 2050,Net-Zero Emissions by 2050,Energy,Natural gas with CCUS,Power sector inputs,EJ,2030,1
Net Zero by 2050,Net-Zero Emissions by 2050,Energy,Natural gas with CCUS,Power sector inputs,EJ,2040,5
Net Zero by 2050,Net-Zero Emissions by 2050,Energy,Natural gas with CCUS,Power sector inputs,EJ,2050,5
Net Zero by 2050,Net-Zero Emissions by 2050,Energy,Oil products,Power sector inputs,EJ,2019,9
Net Zero by 2050,Net-Zero Emissions by 2050,Energy,Oil products,Power sector inputs,EJ,2020,8
Net Zero by 2050,Net-Zero Emissions by 2050,Energy,Oil products,Power sector inputs,EJ,2030,2
Net Zero by 2050,Net-Zero Emissions by 2050,Energy,Oil products,Power sector inputs,EJ,2040,0
Net Zero by 2050,Net-Zero Emissions by 2050,Energy,Oil products,Power sector inputs,EJ,2050,0
Net Zero by 2050,Net-Zero Emissions by 2050,Energy,Unabated coal,Power sector inputs,EJ,2019,102
Net Zero by 2050,Net-Zero Emissions by 2050,Energy,Unabated coal,Power sector inputs,EJ,2020,100
Net Zero by 2050,Net-Zero Emissions by 2050,Energy,Unabated coal,Power sector inputs,EJ,2030,30
Net Zero by 2050,Net-Zero Emissions by 2050,Energy,Unabated coal,Power sector inputs,EJ,2040,0
Net Zero by 2050,Net-Zero Emissions by 2050,Energy,Unabated coal,Power sector inputs,EJ,2050,0
Net Zero by 2050,Net-Zero Emissions by 2050,Energy,Coal with CCUS,Power sector inputs,EJ,2019,0
Net Zero by 2050,Net-Zero Emissions by 2050,Energy,Coal with CCUS,Power sector inputs,EJ,2020,0
Net Zero by 2050,Net-Zero Emissions by 2050,Energy,Coal with CCUS,Power sector inputs,EJ,2030,3
Net Zero by 2050,Net-Zero Emissions by 2050,Energy,Coal with CCUS,Power sector inputs,EJ,2040,10
Net Zero by 2050,Net-Zero Emissions by 2050,Energy,Coal with CCUS,Power sector inputs,EJ,2050,7
Net Zero by 2050,Net-Zero Emissions by 2050,Energy,Total,Other energy sector,EJ,2019,57
Net Zero by 2050,Net-Zero Emissions by 2050,Energy,Total,Other energy sector,EJ,2020,57
Net Zero by 2050,Net-Zero Emissions by 2050,Energy,Total,Other energy sector,EJ,2030,61
Net Zero by 2050,Net-Zero Emissions by 2050,Energy,Total,Other energy sector,EJ,2040,76
Net Zero by 2050,Net-Zero Emissions by 2050,Energy,Total,Other energy sector,EJ,2050,91
Net Zero by 2050,Net-Zero Emissions by 2050,Energy,Total inputs,Hydrogen transformation,EJ,2019,0
Net Zero by 2050,Net-Zero Emissions by 2050,Energy,Total inputs,Hydrogen transformation,EJ,2020,0
Net Zero by 2050,Net-Zero Emissions by 2050,Energy,Total inputs,Hydrogen transformation,EJ,2030,21
Net Zero by 2050,Net-Zero Emissions by 2050,Energy,Total inputs,Hydrogen transformation,EJ,2040,49
Net Zero by 2050,Net-Zero Emissions by 2050,Energy,Total inputs,Hydrogen transformation,EJ,2050,70
Net Zero by 2050,Net-Zero Emissions by 2050,Energy,Bioenergy and waste,Biofuels production (own use),EJ,2019,5
Net Zero by 2050,Net-Zero Emissions by 2050,Energy,Bioenergy and waste,Biofuels production (own use),EJ,2020,6
Net Zero by 2050,Net-Zero Emissions by 2050,Energy,Bioenergy and waste,Biofuels production (own use),EJ,2030,12
Net Zero by 2050,Net-Zero Emissions by 2050,Energy,Bioenergy and waste,Biofuels production (own use),EJ,2040,15
Net Zero by 2050,Net-Zero Emissions by 2050,Energy,Bioenergy and waste,Biofuels production (own use),EJ,2050,12
Net Zero by 2050,Net-Zero Emissions by 2050,Energy,Total,Total final consumption,EJ,2019,435
Net Zero by 2050,Net-Zero Emissions by 2050,Energy,Total,Total final consumption,EJ,2020,412
Net Zero by 2050,Net-Zero Emissions by 2050,Energy,Total,Total final consumption,EJ,2030,394
Net Zero by 2050,Net-Zero Emissions by 2050,Energy,Total,Total final consumption,EJ,2040,363
Net Zero by 2050,Net-Zero Emissions by 2050,Energy,Total,Total final consumption,EJ,2050,344
Net Zero by 2050,Net-Zero Emissions by 2050,Energy,Electricity,Total final consumption,EJ,2019,82
Net Zero by 2050,Net-Zero Emissions by 2050,Energy,Electricity,Total final consumption,EJ,2020,81
Net Zero by 2050,Net-Zero Emissions by 2050,Energy,Electricity,Total final consumption,EJ,2030,103
Net Zero by 2050,Net-Zero Emissions by 2050,Energy,Electricity,Total final consumption,EJ,2040,140
Net Zero by 2050,Net-Zero Emissions by 2050,Energy,Electricity,Total final consumption,EJ,2050,169
Net Zero by 2050,Net-Zero Emissions by 2050,Energy,Liquid fuels,Total final consumption,EJ,2019,175
Net Zero by 2050,Net-Zero Emissions by 2050,Energy,Liquid fuels,Total final consumption,EJ,2020,158
Net Zero by 2050,Net-Zero Emissions by 2050,Energy,Liquid fuels,Total final consumption,EJ,2030,143
Net Zero by 2050,Net-Zero Emissions by 2050,Energy,Liquid fuels,Total final consumption,EJ,2040,96
Net Zero by 2050,Net-Zero Emissions by 2050,Energy,Liquid fuels,Total final consumption,EJ,2050,66
Net Zero by 2050,Net-Zero Emissions by 2050,Energy,Liquid biofuels,Total final consumption,EJ,2019,4
Net Zero by 2050,Net-Zero Emissions by 2050,Energy,Liquid biofuels,Total final consumption,EJ,2020,3
Net Zero by 2050,Net-Zero Emissions by 2050,Energy,Liquid biofuels,Total final consumption,EJ,2030,12
Net Zero by 2050,Net-Zero Emissions by 2050,Energy,Liquid biofuels,Total final consumption,EJ,2040,14
Net Zero by 2050,Net-Zero Emissions by 2050,Energy,Liquid biofuels,Total final consumption,EJ,2050,15
Net Zero by 2050,Net-Zero Emissions by 2050,Energy,Ammonia,Total final consumption,EJ,2019,0
Net Zero by 2050,Net-Zero Emissions by 2050,Energy,Ammonia,Total final consumption,EJ,2020,0
Net Zero by 2050,Net-Zero Emissions by 2050,Energy,Ammonia,Total final consumption,EJ,2030,1
Net Zero by 2050,Net-Zero Emissions by 2050,Energy,Ammonia,Total final consumption,EJ,2040,3
Net Zero by 2050,Net-Zero Emissions by 2050,Energy,Ammonia,Total final consumption,EJ,2050,5
Net Zero by 2050,Net-Zero Emissions by 2050,Energy,Synthetic oil,Total final consumption,EJ,2019,0
Net Zero by 2050,Net-Zero Emissions by 2050,Energy,Synthetic oil,Total final consumption,EJ,2020,0
Net Zero by 2050,Net-Zero Emissions by 2050,Energy,Synthetic oil,Total final consumption,EJ,2030,0
Net Zero by 2050,Net-Zero Emissions by 2050,Energy,Synthetic oil,Total final consumption,EJ,2040,2
Net Zero by 2050,Net-Zero Emissions by 2050,Energy,Synthetic oil,Total final consumption,EJ,2050,5
Net Zero by 2050,Net-Zero Emissions by 2050,Energy,Oil products,Total final consumption,EJ,2019,171
Net Zero by 2050,Net-Zero Emissions by 2050,Energy,Oil products,Total final consumption,EJ,2020,154
Net Zero by 2050,Net-Zero Emissions by 2050,Energy,Oil products,Total final consumption,EJ,2030,129
Net Zero by 2050,Net-Zero Emissions by 2050,Energy,Oil products,Total final consumption,EJ,2040,77
Net Zero by 2050,Net-Zero Emissions by 2050,Energy,Oil products,Total final consumption,EJ,2050,42
Net Zero by 2050,Net-Zero Emissions by 2050,Energy,Gaseous fuels,Total final consumption,EJ,2019,70
Net Zero by 2050,Net-Zero Emissions by 2050,Energy,Gaseous fuels,Total final consumption,EJ,2020,68
Net Zero by 2050,Net-Zero Emissions by 2050,Energy,Gaseous fuels,Total final consumption,EJ,2030,68
Net Zero by 2050,Net-Zero Emissions by 2050,Energy,Gaseous fuels,Total final consumption,EJ,2040,60
Net Zero by 2050,Net-Zero Emissions by 2050,Energy,Gaseous fuels,Total final consumption,EJ,2050,53
Net Zero by 2050,Net-Zero Emissions by 2050,Energy,Biomethane,Total final consumption,EJ,2019,0
Net Zero by 2050,Net-Zero Emissions by 2050,Energy,Biomethane,Total final consumption,EJ,2020,0
Net Zero by 2050,Net-Zero Emissions by 2050,Energy,Biomethane,Total final consumption,EJ,2030,2
Net Zero by 2050,Net-Zero Emissions by 2050,Energy,Biomethane,Total final consumption,EJ,2040,5
Net Zero by 2050,Net-Zero Emissions by 2050,Energy,Biomethane,Total final consumption,EJ,2050,8
Net Zero by 2050,Net-Zero Emissions by 2050,Energy,Hydrogen,Total final consumption,EJ,2019,0
Net Zero by 2050,Net-Zero Emissions by 2050,Energy,Hydrogen,Total final consumption,EJ,2020,0
Net Zero by 2050,Net-Zero Emissions by 2050,Energy,Hydrogen,Total final consumption,EJ,2030,6
Net Zero by 2050,Net-Zero Emissions by 2050,Energy,Hydrogen,Total final consumption,EJ,2040,12
Net Zero by 2050,Net-Zero Emissions by 2050,Energy,Hydrogen,Total final consumption,EJ,2050,20
Net Zero by 2050,Net-Zero Emissions by 2050,Energy,Synthetic methane,Total final consumption,EJ,2019,0
Net Zero by 2050,Net-Zero Emissions by 2050,Energy,Synthetic methane,Total final consumption,EJ,2020,0
Net Zero by 2050,Net-Zero Emissions by 2050,Energy,Synthetic methane,Total final consumption,EJ,2030,0
Net Zero by 2050,Net-Zero Emissions by 2050,Energy,Synthetic methane,Total final consumption,EJ,2040,1
Net Zero by 2050,Net-Zero Emissions by 2050,Energy,Synthetic methane,Total final consumption,EJ,2050,4
Net Zero by 2050,Net-Zero Emissions by 2050,Energy,Natural gas,Total final consumption,EJ,2019,70
Net Zero by 2050,Net-Zero Emissions by 2050,Energy,Natural gas,Total final consumption,EJ,2020,67
Net Zero by 2050,Net-Zero Emissions by 2050,Energy,Natural gas,Total final consumption,EJ,2030,58
Net Zero by 2050,Net-Zero Emissions by 2050,Energy,Natural gas,Total final consumption,EJ,2040,40
Net Zero by 2050,Net-Zero Emissions by 2050,Energy,Natural gas,Total final consumption,EJ,2050,20
Net Zero by 2050,Net-Zero Emissions by 2050,Energy,Solid fuels,Total final consumption,EJ,2019,92
Net Zero by 2050,Net-Zero Emissions by 2050,Energy,Solid fuels,Total final consumption,EJ,2020,89
Net Zero by 2050,Net-Zero Emissions by 2050,Energy,Solid fuels,Total final consumption,EJ,2030,61
Net Zero by 2050,Net-Zero Emissions by 2050,Energy,Solid fuels,Total final consumption,EJ,2040,46
Net Zero by 2050,Net-Zero Emissions by 2050,Energy,Solid fuels,Total final consumption,EJ,2050,35
Net Zero by 2050,Net-Zero Emissions by 2050,Energy,Solid biomass,Total final consumption,EJ,2019,39
Net Zero by 2050,Net-Zero Emissions by 2050,Energy,Solid biomass,Total final consumption,EJ,2020,39
Net Zero by 2050,Net-Zero Emissions by 2050,Energy,Solid biomass,Total final consumption,EJ,2030,24
Net Zero by 2050,Net-Zero Emissions by 2050,Energy,Solid biomass,Total final consumption,EJ,2040,25
Net Zero by 2050,Net-Zero Emissions by 2050,Energy,Solid biomass,Total final consumption,EJ,2050,25
Net Zero by 2050,Net-Zero Emissions by 2050,Energy,Coal,Total final consumption,EJ,2019,53
Net Zero by 2050,Net-Zero Emissions by 2050,Energy,Coal,Total final consumption,EJ,2020,50
Net Zero by 2050,Net-Zero Emissions by 2050,Energy,Coal,Total final consumption,EJ,2030,38
Net Zero by 2050,Net-Zero Emissions by 2050,Energy,Coal,Total final consumption,EJ,2040,21
Net Zero by 2050,Net-Zero Emissions by 2050,Energy,Coal,Total final consumption,EJ,2050,10
Net Zero by 2050,Net-Zero Emissions by 2050,Energy,District heat,Total final consumption,EJ,2019,13
Net Zero by 2050,Net-Zero Emissions by 2050,Energy,District heat,Total final consumption,EJ,2020,13
Net Zero by 2050,Net-Zero Emissions by 2050,Energy,District heat,Total final consumption,EJ,2030,12
Net Zero by 2050,Net-Zero Emissions by 2050,Energy,District heat,Total final consumption,EJ,2040,9
Net Zero by 2050,Net-Zero Emissions by 2050,Energy,District heat,Total final consumption,EJ,2050,6
Net Zero by 2050,Net-Zero Emissions by 2050,Energy,Other sources,Total final consumption,EJ,2019,3
Net Zero by 2050,Net-Zero Emissions by 2050,Energy,Other sources,Total final consumption,EJ,2020,3
Net Zero by 2050,Net-Zero Emissions by 2050,Energy,Other sources,Total final consumption,EJ,2030,7
Net Zero by 2050,Net-Zero Emissions by 2050,Energy,Other sources,Total final consumption,EJ,2040,11
Net Zero by 2050,Net-Zero Emissions by 2050,Energy,Other sources,Total final consumption,EJ,2050,15
Net Zero by 2050,Net-Zero Emissions by 2050,Energy,Total,Industry,EJ,2019,162
Net Zero by 2050,Net-Zero Emissions by 2050,Energy,Total,Industry,EJ,2020,157
Net Zero by 2050,Net-Zero Emissions by 2050,Energy,Total,Industry,EJ,2030,170
Net Zero by 2050,Net-Zero Emissions by 2050,Energy,Total,Industry,EJ,2040,169
Net Zero by 2050,Net-Zero Emissions by 2050,Energy,Total,Industry,EJ,2050,160
Net Zero by 2050,Net-Zero Emissions by 2050,Energy,Electricity,Industry,EJ,2019,35
Net Zero by 2050,Net-Zero Emissions by 2050,Energy,Electricity,Industry,EJ,2020,35
Net Zero by 2050,Net-Zero Emissions by 2050,Energy,Electricity,Industry,EJ,2030,47
Net Zero by 2050,Net-Zero Emissions by 2050,Energy,Electricity,Industry,EJ,2040,62
Net Zero by 2050,Net-Zero Emissions by 2050,Energy,Electricity,Industry,EJ,2050,74
Net Zero by 2050,Net-Zero Emissions by 2050,Energy,Liquid fuels,Industry,EJ,2019,31
Net Zero by 2050,Net-Zero Emissions by 2050,Energy,Liquid fuels,Industry,EJ,2020,31
Net Zero by 2050,Net-Zero Emissions by 2050,Energy,Liquid fuels,Industry,EJ,2030,31
Net Zero by 2050,Net-Zero Emissions by 2050,Energy,Liquid fuels,Industry,EJ,2040,27
Net Zero by 2050,Net-Zero Emissions by 2050,Energy,Liquid fuels,Industry,EJ,2050,23
Net Zero by 2050,Net-Zero Emissions by 2050,Energy,Oil products,Industry,EJ,2019,31
Net Zero by 2050,Net-Zero Emissions by 2050,Energy,Oil products,Industry,EJ,2020,31
Net Zero by 2050,Net-Zero Emissions by 2050,Energy,Oil products,Industry,EJ,2030,31
Net Zero by 2050,Net-Zero Emissions by 2050,Energy,Oil products,Industry,EJ,2040,27
Net Zero by 2050,Net-Zero Emissions by 2050,Energy,Oil products,Industry,EJ,2050,23
Net Zero by 2050,Net-Zero Emissions by 2050,Energy,Gaseous fuels,Industry,EJ,2019,32
Net Zero by 2050,Net-Zero Emissions by 2050,Energy,Gaseous fuels,Industry,EJ,2020,32
Net Zero by 2050,Net-Zero Emissions by 2050,Energy,Gaseous fuels,Industry,EJ,2030,35
Net Zero by 2050,Net-Zero Emissions by 2050,Energy,Gaseous fuels,Industry,EJ,2040,34
Net Zero by 2050,Net-Zero Emissions by 2050,Energy,Gaseous fuels,Industry,EJ,2050,28
Net Zero by 2050,Net-Zero Emissions by 2050,Energy,Biomethane,Industry,EJ,2019,0
Net Zero by 2050,Net-Zero Emissions by 2050,Energy,Biomethane,Industry,EJ,2020,0
Net Zero by 2050,Net-Zero Emissions by 2050,Energy,Biomethane,Industry,EJ,2030,1
Net Zero by 2050,Net-Zero Emissions by 2050,Energy,Biomethane,Industry,EJ,2040,2
Net Zero by 2050,Net-Zero Emissions by 2050,Energy,Biomethane,Industry,EJ,2050,4
Net Zero by 2050,Net-Zero Emissions by 2050,Energy,Hydrogen,Industry,EJ,2019,0
Net Zero by 2050,Net-Zero Emissions by 2050,Energy,Hydrogen,Industry,EJ,2020,0
Net Zero by 2050,Net-Zero Emissions by 2050,Energy,Hydrogen,Industry,EJ,2030,3
Net Zero by 2050,Net-Zero Emissions by 2050,Energy,Hydrogen,Industry,EJ,2040,4
Net Zero by 2050,Net-Zero Emissions by 2050,Energy,Hydrogen,Industry,EJ,2050,5
Net Zero by 2050,Net-Zero Emissions by 2050,Energy,Unabated natural gas,Industry,EJ,2019,32
Net Zero by 2050,Net-Zero Emissions by 2050,Energy,Unabated natural gas,Industry,EJ,2020,32
Net Zero by 2050,Net-Zero Emissions by 2050,Energy,Unabated natural gas,Industry,EJ,2030,30
Net Zero by 2050,Net-Zero Emissions by 2050,Energy,Unabated natural gas,Industry,EJ,2040,22
Net Zero by 2050,Net-Zero Emissions by 2050,Energy,Unabated natural gas,Industry,EJ,2050,9
Net Zero by 2050,Net-Zero Emissions by 2050,Energy,Natural gas with CCUS,Industry,EJ,2019,0
Net Zero by 2050,Net-Zero Emissions by 2050,Energy,Natural gas with CCUS,Industry,EJ,2020,0
Net Zero by 2050,Net-Zero Emissions by 2050,Energy,Natural gas with CCUS,Industry,EJ,2030,1
Net Zero by 2050,Net-Zero Emissions by 2050,Energy,Natural gas with CCUS,Industry,EJ,2040,5
Net Zero by 2050,Net-Zero Emissions by 2050,Energy,Natural gas with CCUS,Industry,EJ,2050,7
Net Zero by 2050,Net-Zero Emissions by 2050,Energy,Solid fuels,Industry,EJ,2019,58
Net Zero by 2050,Net-Zero Emissions by 2050,Energy,Solid fuels,Industry,EJ,2020,52
Net Zero by 2050,Net-Zero Emissions by 2050,Energy,Solid fuels,Industry,EJ,2030,51
Net Zero by 2050,Net-Zero Emissions by 2050,Energy,Solid fuels,Industry,EJ,2040,40
Net Zero by 2050,Net-Zero Emissions by 2050,Energy,Solid fuels,Industry,EJ,2050,30
Net Zero by 2050,Net-Zero Emissions by 2050,Energy,Modern solid biomass,Industry,EJ,2019,10
Net Zero by 2050,Net-Zero Emissions by 2050,Energy,Modern solid biomass,Industry,EJ,2020,9
Net Zero by 2050,Net-Zero Emissions by 2050,Energy,Modern solid biomass,Industry,EJ,2030,15
Net Zero by 2050,Net-Zero Emissions by 2050,Energy,Modern solid biomass,Industry,EJ,2040,19
Net Zero by 2050,Net-Zero Emissions by 2050,Energy,Modern solid biomass,Industry,EJ,2050,20
Net Zero by 2050,Net-Zero Emissions by 2050,Energy,Unabated coal,Industry,EJ,2019,48
Net Zero by 2050,Net-Zero Emissions by 2050,Energy,Unabated coal,Industry,EJ,2020,44
Net Zero by 2050,Net-Zero Emissions by 2050,Energy,Unabated coal,Industry,EJ,2030,35
Net Zero by 2050,Net-Zero Emissions by 2050,Energy,Unabated coal,Industry,EJ,2040,15
Net Zero by 2050,Net-Zero Emissions by 2050,Energy,Unabated coal,Industry,EJ,2050,3
Net Zero by 2050,Net-Zero Emissions by 2050,Energy,Coal with CCUS,Industry,EJ,2019,0
Net Zero by 2050,Net-Zero Emissions by 2050,Energy,Coal with CCUS,Industry,EJ,2020,0
Net Zero by 2050,Net-Zero Emissions by 2050,Energy,Coal with CCUS,Industry,EJ,2030,1
Net Zero by 2050,Net-Zero Emissions by 2050,Energy,Coal with CCUS,Industry,EJ,2040,5
Net Zero by 2050,Net-Zero Emissions by 2050,Energy,Coal with CCUS,Industry,EJ,2050,7
Net Zero by 2050,Net-Zero Emissions by 2050,Energy,District heat,Industry,EJ,2019,6
Net Zero by 2050,Net-Zero Emissions by 2050,Energy,District heat,Industry,EJ,2020,6
Net Zero by 2050,Net-Zero Emissions by 2050,Energy,District heat,Industry,EJ,2030,6
Net Zero by 2050,Net-Zero Emissions by 2050,Energy,District heat,Industry,EJ,2040,3
Net Zero by 2050,Net-Zero Emissions by 2050,Energy,District heat,Industry,EJ,2050,2
Net Zero by 2050,Net-Zero Emissions by 2050,Energy,Other sources,Industry,EJ,2019,0
Net Zero by 2050,Net-Zero Emissions by 2050,Energy,Other sources,Industry,EJ,2020,0
Net Zero by 2050,Net-Zero Emissions by 2050,Energy,Other sources,Industry,EJ,2030,1
Net Zero by 2050,Net-Zero Emissions by 2050,Energy,Other sources,Industry,EJ,2040,3
Net Zero by 2050,Net-Zero Emissions by 2050,Energy,Other sources,Industry,EJ,2050,4
Net Zero by 2050,Net-Zero Emissions by 2050,Energy,Total,Iron and steel,EJ,2019,36
Net Zero by 2050,Net-Zero Emissions by 2050,Energy,Total,Iron and steel,EJ,2020,33
Net Zero by 2050,Net-Zero Emissions by 2050,Energy,Total,Iron and steel,EJ,2030,37
Net Zero by 2050,Net-Zero Emissions by 2050,Energy,Total,Iron and steel,EJ,2040,36
Net Zero by 2050,Net-Zero Emissions by 2050,Energy,Total,Iron and steel,EJ,2050,32
Net Zero by 2050,Net-Zero Emissions by 2050,Energy,Total,Chemical and petrochemical,EJ,2019,22
Net Zero by 2050,Net-Zero Emissions by 2050,Energy,Total,Chemical and petrochemical,EJ,2020,20
Net Zero by 2050,Net-Zero Emissions by 2050,Energy,Total,Chemical and petrochemical,EJ,2030,26
Net Zero by 2050,Net-Zero Emissions by 2050,Energy,Total,Chemical and petrochemical,EJ,2040,26
Net Zero by 2050,Net-Zero Emissions by 2050,Energy,Total,Chemical and petrochemical,EJ,2050,25
Net Zero by 2050,Net-Zero Emissions by 2050,Energy,Total,Cement,EJ,2019,12
Net Zero by 2050,Net-Zero Emissions by 2050,Energy,Total,Cement,EJ,2020,16
Net Zero by 2050,Net-Zero Emissions by 2050,Energy,Total,Cement,EJ,2030,11
Net Zero by 2050,Net-Zero Emissions by 2050,Energy,Total,Cement,EJ,2040,11
Net Zero by 2050,Net-Zero Emissions by 2050,Energy,Total,Cement,EJ,2050,10
Net Zero by 2050,Net-Zero Emissions by 2050,Energy,Total,Transport,EJ,2019,122
Net Zero by 2050,Net-Zero Emissions by 2050,Energy,Total,Transport,EJ,2020,105
Net Zero by 2050,Net-Zero Emissions by 2050,Energy,Total,Transport,EJ,2030,102
Net Zero by 2050,Net-Zero Emissions by 2050,Energy,Total,Transport,EJ,2040,85
Net Zero by 2050,Net-Zero Emissions by 2050,Energy,Total,Transport,EJ,2050,80
Net Zero by 2050,Net-Zero Emissions by 2050,Energy,Electricity,Transport,EJ,2019,1
Net Zero by 2050,Net-Zero Emissions by 2050,Energy,Electricity,Transport,EJ,2020,1
Net Zero by 2050,Net-Zero Emissions by 2050,Energy,Electricity,Transport,EJ,2030,7
Net Zero by 2050,Net-Zero Emissions by 2050,Energy,Electricity,Transport,EJ,2040,22
Net Zero by 2050,Net-Zero Emissions by 2050,Energy,Electricity,Transport,EJ,2050,35
Net Zero by 2050,Net-Zero Emissions by 2050,Energy,Liquid fuels,Transport,EJ,2019,115
Net Zero by 2050,Net-Zero Emissions by 2050,Energy,Liquid fuels,Transport,EJ,2020,99
Net Zero by 2050,Net-Zero Emissions by 2050,Energy,Liquid fuels,Transport,EJ,2030,89
Net Zero by 2050,Net-Zero Emissions by 2050,Energy,Liquid fuels,Transport,EJ,2040,53
Net Zero by 2050,Net-Zero Emissions by 2050,Energy,Liquid fuels,Transport,EJ,2050,30
Net Zero by 2050,Net-Zero Emissions by 2050,Energy,Liquid biofuels,Transport,EJ,2019,4
Net Zero by 2050,Net-Zero Emissions by 2050,Energy,Liquid biofuels,Transport,EJ,2020,3
Net Zero by 2050,Net-Zero Emissions by 2050,Energy,Liquid biofuels,Transport,EJ,2030,11
Net Zero by 2050,Net-Zero Emissions by 2050,Energy,Liquid biofuels,Transport,EJ,2040,12
Net Zero by 2050,Net-Zero Emissions by 2050,Energy,Liquid biofuels,Transport,EJ,2050,11
Net Zero by 2050,Net-Zero Emissions by 2050,Energy,Oil products,Transport,EJ,2019,111
Net Zero by 2050,Net-Zero Emissions by 2050,Energy,Oil products,Transport,EJ,2020,96
Net Zero by 2050,Net-Zero Emissions by 2050,Energy,Oil products,Transport,EJ,2030,76
Net Zero by 2050,Net-Zero Emissions by 2050,Energy,Oil products,Transport,EJ,2040,35
Net Zero by 2050,Net-Zero Emissions by 2050,Energy,Oil products,Transport,EJ,2050,9
Net Zero by 2050,Net-Zero Emissions by 2050,Energy,Gaseous fuels,Transport,EJ,2019,5
Net Zero by 2050,Net-Zero Emissions by 2050,Energy,Gaseous fuels,Transport,EJ,2020,5
Net Zero by 2050,Net-Zero Emissions by 2050,Energy,Gaseous fuels,Transport,EJ,2030,6
Net Zero by 2050,Net-Zero Emissions by 2050,Energy,Gaseous fuels,Transport,EJ,2040,10
Net Zero by 2050,Net-Zero Emissions by 2050,Energy,Gaseous fuels,Transport,EJ,2050,15
Net Zero by 2050,Net-Zero Emissions by 2050,Energy,Biomethane,Transport,EJ,2019,0
Net Zero by 2050,Net-Zero Emissions by 2050,Energy,Biomethane,Transport,EJ,2020,0
Net Zero by 2050,Net-Zero Emissions by 2050,Energy,Biomethane,Transport,EJ,2030,1
Net Zero by 2050,Net-Zero Emissions by 2050,Energy,Biomethane,Transport,EJ,2040,1
Net Zero by 2050,Net-Zero Emissions by 2050,Energy,Biomethane,Transport,EJ,2050,2
Net Zero by 2050,Net-Zero Emissions by 2050,Energy,Hydrogen,Transport,EJ,2019,0
Net Zero by 2050,Net-Zero Emissions by 2050,Energy,Hydrogen,Transport,EJ,2020,0
Net Zero by 2050,Net-Zero Emissions by 2050,Energy,Hydrogen,Transport,EJ,2030,1
Net Zero by 2050,Net-Zero Emissions by 2050,Energy,Hydrogen,Transport,EJ,2040,6
Net Zero by 2050,Net-Zero Emissions by 2050,Energy,Hydrogen,Transport,EJ,2050,13
Net Zero by 2050,Net-Zero Emissions by 2050,Energy,Natural gas,Transport,EJ,2019,5
Net Zero by 2050,Net-Zero Emissions by 2050,Energy,Natural gas,Transport,EJ,2020,5
Net Zero by 2050,Net-Zero Emissions by 2050,Energy,Natural gas,Transport,EJ,2030,4
Net Zero by 2050,Net-Zero Emissions by 2050,Energy,Natural gas,Transport,EJ,2040,2
Net Zero by 2050,Net-Zero Emissions by 2050,Energy,Natural gas,Transport,EJ,2050,0
Net Zero by 2050,Net-Zero Emissions by 2050,Energy,Total,Road,EJ,2019,90
Net Zero by 2050,Net-Zero Emissions by 2050,Energy,Total,Road,EJ,2020,81
Net Zero by 2050,Net-Zero Emissions by 2050,Energy,Total,Road,EJ,2030,73
Net Zero by 2050,Net-Zero Emissions by 2050,Energy,Total,Road,EJ,2040,57
Net Zero by 2050,Net-Zero Emissions by 2050,Energy,Total,Road,EJ,2050,50
Net Zero by 2050,Net-Zero Emissions by 2050,Energy,Total,Passenger cars,EJ,2019,47
Net Zero by 2050,Net-Zero Emissions by 2050,Energy,Total,Passenger cars,EJ,2020,41
Net Zero by 2050,Net-Zero Emissions by 2050,Energy,Total,Passenger cars,EJ,2030,30
Net Zero by 2050,Net-Zero Emissions by 2050,Energy,Total,Passenger cars,EJ,2040,19
Net Zero by 2050,Net-Zero Emissions by 2050,Energy,Total,Passenger cars,EJ,2050,17
Net Zero by 2050,Net-Zero Emissions by 2050,Energy,Total,Trucks,EJ,2019,27
Net Zero by 2050,Net-Zero Emissions by 2050,Energy,Total,Trucks,EJ,2020,25
Net Zero by 2050,Net-Zero Emissions by 2050,Energy,Total,Trucks,EJ,2030,28
Net Zero by 2050,Net-Zero Emissions by 2050,Energy,Total,Trucks,EJ,2040,24
Net Zero by 2050,Net-Zero Emissions by 2050,Energy,Total,Trucks,EJ,2050,22
Net Zero by 2050,Net-Zero Emissions by 2050,Energy,Total,Total aviation (domestic and bunkers),EJ,2019,14
Net Zero by 2050,Net-Zero Emissions by 2050,Energy,Total,Total aviation (domestic and bunkers),EJ,2020,8
Net Zero by 2050,Net-Zero Emissions by 2050,Energy,Total,Total aviation (domestic and bunkers),EJ,2030,13
Net Zero by 2050,Net-Zero Emissions by 2050,Energy,Total,Total aviation (domestic and bunkers),EJ,2040,13
Net Zero by 2050,Net-Zero Emissions by 2050,Energy,Total,Total aviation (domestic and bunkers),EJ,2050,14
Net Zero by 2050,Net-Zero Emissions by 2050,Energy,Total,Total navigation (domestic and bunkers),EJ,2019,12
Net Zero by 2050,Net-Zero Emissions by 2050,Energy,Total,Total navigation (domestic and bunkers),EJ,2020,11
Net Zero by 2050,Net-Zero Emissions by 2050,Energy,Total,Total navigation (domestic and bunkers),EJ,2030,11
Net Zero by 2050,Net-Zero Emissions by 2050,Energy,Total,Total navigation (domestic and bunkers),EJ,2040,10
Net Zero by 2050,Net-Zero Emissions by 2050,Energy,Total,Total navigation (domestic and bunkers),EJ,2050,10
Net Zero by 2050,Net-Zero Emissions by 2050,Energy,Total,Buildings,EJ,2019,129
Net Zero by 2050,Net-Zero Emissions by 2050,Energy,Total,Buildings,EJ,2020,127
Net Zero by 2050,Net-Zero Emissions by 2050,Energy,Total,Buildings,EJ,2030,99
Net Zero by 2050,Net-Zero Emissions by 2050,Energy,Total,Buildings,EJ,2040,89
Net Zero by 2050,Net-Zero Emissions by 2050,Energy,Total,Buildings,EJ,2050,86
Net Zero by 2050,Net-Zero Emissions by 2050,Energy,Electricity,Buildings,EJ,2019,43
Net Zero by 2050,Net-Zero Emissions by 2050,Energy,Electricity,Buildings,EJ,2020,42
Net Zero by 2050,Net-Zero Emissions by 2050,Energy,Electricity,Buildings,EJ,2030,45
Net Zero by 2050,Net-Zero Emissions by 2050,Energy,Electricity,Buildings,EJ,2040,51
Net Zero by 2050,Net-Zero Emissions by 2050,Energy,Electricity,Buildings,EJ,2050,57
Net Zero by 2050,Net-Zero Emissions by 2050,Energy,Liquid fuels,Buildings,EJ,2019,13
Net Zero by 2050,Net-Zero Emissions by 2050,Energy,Liquid fuels,Buildings,EJ,2020,13
Net Zero by 2050,Net-Zero Emissions by 2050,Energy,Liquid fuels,Buildings,EJ,2030,9
Net Zero by 2050,Net-Zero Emissions by 2050,Energy,Liquid fuels,Buildings,EJ,2040,4
Net Zero by 2050,Net-Zero Emissions by 2050,Energy,Liquid fuels,Buildings,EJ,2050,2
Net Zero by 2050,Net-Zero Emissions by 2050,Energy,Liquid biofuels,Buildings,EJ,2019,0
Net Zero by 2050,Net-Zero Emissions by 2050,Energy,Liquid biofuels,Buildings,EJ,2020,0
Net Zero by 2050,Net-Zero Emissions by 2050,Energy,Liquid biofuels,Buildings,EJ,2030,0
Net Zero by 2050,Net-Zero Emissions by 2050,Energy,Liquid biofuels,Buildings,EJ,2040,1
Net Zero by 2050,Net-Zero Emissions by 2050,Energy,Liquid biofuels,Buildings,EJ,2050,1
Net Zero by 2050,Net-Zero Emissions by 2050,Energy,Oil products,Buildings,EJ,2019,13
Net Zero by 2050,Net-Zero Emissions by 2050,Energy,Oil products,Buildings,EJ,2020,13
Net Zero by 2050,Net-Zero Emissions by 2050,Energy,Oil products,Buildings,EJ,2030,9
Net Zero by 2050,Net-Zero Emissions by 2050,Energy,Oil products,Buildings,EJ,2040,4
Net Zero by 2050,Net-Zero Emissions by 2050,Energy,Oil products,Buildings,EJ,2050,1
Net Zero by 2050,Net-Zero Emissions by 2050,Energy,Gaseous fuels,Buildings,EJ,2019,30
Net Zero by 2050,Net-Zero Emissions by 2050,Energy,Gaseous fuels,Buildings,EJ,2020,28
Net Zero by 2050,Net-Zero Emissions by 2050,Energy,Gaseous fuels,Buildings,EJ,2030,23
Net Zero by 2050,Net-Zero Emissions by 2050,Energy,Gaseous fuels,Buildings,EJ,2040,13
Net Zero by 2050,Net-Zero Emissions by 2050,Energy,Gaseous fuels,Buildings,EJ,2050,6
Net Zero by 2050,Net-Zero Emissions by 2050,Energy,Biomethane,Buildings,EJ,2019,0
Net Zero by 2050,Net-Zero Emissions by 2050,Energy,Biomethane,Buildings,EJ,2020,0
Net Zero by 2050,Net-Zero Emissions by 2050,Energy,Biomethane,Buildings,EJ,2030,1
Net Zero by 2050,Net-Zero Emissions by 2050,Energy,Biomethane,Buildings,EJ,2040,2
Net Zero by 2050,Net-Zero Emissions by 2050,Energy,Biomethane,Buildings,EJ,2050,2
Net Zero by 2050,Net-Zero Emissions by 2050,Energy,Hydrogen,Buildings,EJ,2019,0
Net Zero by 2050,Net-Zero Emissions by 2050,Energy,Hydrogen,Buildings,EJ,2020,0
Net Zero by 2050,Net-Zero Emissions by 2050,Energy,Hydrogen,Buildings,EJ,2030,2
Net Zero by 2050,Net-Zero Emissions by 2050,Energy,Hydrogen,Buildings,EJ,2040,2
Net Zero by 2050,Net-Zero Emissions by 2050,Energy,Hydrogen,Buildings,EJ,2050,2
Net Zero by 2050,Net-Zero Emissions by 2050,Energy,Natural gas,Buildings,EJ,2019,30
Net Zero by 2050,Net-Zero Emissions by 2050,Energy,Natural gas,Buildings,EJ,2020,28
Net Zero by 2050,Net-Zero Emissions by 2050,Energy,Natural gas,Buildings,EJ,2030,19
Net Zero by 2050,Net-Zero Emissions by 2050,Energy,Natural gas,Buildings,EJ,2040,7
Net Zero by 2050,Net-Zero Emissions by 2050,Energy,Natural gas,Buildings,EJ,2050,1
Net Zero by 2050,Net-Zero Emissions by 2050,Energy,Solid fuels,Buildings,EJ,2019,34
Net Zero by 2050,Net-Zero Emissions by 2050,Energy,Solid fuels,Buildings,EJ,2020,34
Net Zero by 2050,Net-Zero Emissions by 2050,Energy,Solid fuels,Buildings,EJ,2030,10
Net Zero by 2050,Net-Zero Emissions by 2050,Energy,Solid fuels,Buildings,EJ,2040,7
Net Zero by 2050,Net-Zero Emissions by 2050,Energy,Solid fuels,Buildings,EJ,2050,6
Net Zero by 2050,Net-Zero Emissions by 2050,Energy,Modern solid biomass,Buildings,EJ,2019,5
Net Zero by 2050,Net-Zero Emissions by 2050,Energy,Modern solid biomass,Buildings,EJ,2020,5
Net Zero by 2050,Net-Zero Emissions by 2050,Energy,Modern solid biomass,Buildings,EJ,2030,9
Net Zero by 2050,Net-Zero Emissions by 2050,Energy,Modern solid biomass,Buildings,EJ,2040,7
Net Zero by 2050,Net-Zero Emissions by 2050,Energy,Modern solid biomass,Buildings,EJ,2050,6
Net Zero by 2050,Net-Zero Emissions by 2050,Energy,Traditional use of biomass,Buildings,EJ,2019,25
Net Zero by 2050,Net-Zero Emissions by 2050,Energy,Traditional use of biomass,Buildings,EJ,2020,25
Net Zero by 2050,Net-Zero Emissions by 2050,Energy,Traditional use of biomass,Buildings,EJ,2030,0
Net Zero by 2050,Net-Zero Emissions by 2050,Energy,Traditional use of biomass,Buildings,EJ,2040,0
Net Zero by 2050,Net-Zero Emissions by 2050,Energy,Traditional use of biomass,Buildings,EJ,2050,0
Net Zero by 2050,Net-Zero Emissions by 2050,Energy,Coal,Buildings,EJ,2019,4
Net Zero by 2050,Net-Zero Emissions by 2050,Energy,Coal,Buildings,EJ,2020,4
Net Zero by 2050,Net-Zero Emissions by 2050,Energy,Coal,Buildings,EJ,2030,1
Net Zero by 2050,Net-Zero Emissions by 2050,Energy,Coal,Buildings,EJ,2040,0
Net Zero by 2050,Net-Zero Emissions by 2050,Energy,Coal,Buildings,EJ,2050,0
Net Zero by 2050,Net-Zero Emissions by 2050,Energy,District heat,Buildings,EJ,2019,7
Net Zero by 2050,Net-Zero Emissions by 2050,Energy,District heat,Buildings,EJ,2020,7
Net Zero by 2050,Net-Zero Emissions by 2050,Energy,District heat,Buildings,EJ,2030,6
Net Zero by 2050,Net-Zero Emissions by 2050,Energy,District heat,Buildings,EJ,2040,5
Net Zero by 2050,Net-Zero Emissions by 2050,Energy,District heat,Buildings,EJ,2050,4
Net Zero by 2050,Net-Zero Emissions by 2050,Energy,Other sources,Buildings,EJ,2019,2
Net Zero by 2050,Net-Zero Emissions by 2050,Energy,Other sources,Buildings,EJ,2020,3
Net Zero by 2050,Net-Zero Emissions by 2050,Energy,Other sources,Buildings,EJ,2030,5
Net Zero by 2050,Net-Zero Emissions by 2050,Energy,Other sources,Buildings,EJ,2040,8
Net Zero by 2050,Net-Zero Emissions by 2050,Energy,Other sources,Buildings,EJ,2050,11
Net Zero by 2050,Net-Zero Emissions by 2050,Energy,Total,Residential,EJ,2019,91
Net Zero by 2050,Net-Zero Emissions by 2050,Energy,Total,Residential,EJ,2020,90
Net Zero by 2050,Net-Zero Emissions by 2050,Energy,Total,Residential,EJ,2030,67
Net Zero by 2050,Net-Zero Emissions by 2050,Energy,Total,Residential,EJ,2040,59
Net Zero by 2050,Net-Zero Emissions by 2050,Energy,Total,Residential,EJ,2050,58
Net Zero by 2050,Net-Zero Emissions by 2050,Energy,Total,Services,EJ,2019,38
Net Zero by 2050,Net-Zero Emissions by 2050,Energy,Total,Services,EJ,2020,36
Net Zero by 2050,Net-Zero Emissions by 2050,Energy,Total,Services,EJ,2030,32
Net Zero by 2050,Net-Zero Emissions by 2050,Energy,Total,Services,EJ,2040,30
Net Zero by 2050,Net-Zero Emissions by 2050,Energy,Total,Services,EJ,2050,28
Net Zero by 2050,Net-Zero Emissions by 2050,Energy,Total,Other,EJ,2019,22
Net Zero by 2050,Net-Zero Emissions by 2050,Energy,Total,Other,EJ,2020,23
Net Zero by 2050,Net-Zero Emissions by 2050,Energy,Total,Other,EJ,2030,22
Net Zero by 2050,Net-Zero Emissions by 2050,Energy,Total,Other,EJ,2040,20
Net Zero by 2050,Net-Zero Emissions by 2050,Energy,Total,Other,EJ,2050,18
Net Zero by 2050,Net-Zero Emissions by 2050,Energy,Total,Electricity generation,TWh,2019,26922
Net Zero by 2050,Net-Zero Emissions by 2050,Energy,Total,Electricity generation,TWh,2020,26778
Net Zero by 2050,Net-Zero Emissions by 2050,Energy,Total,Electricity generation,TWh,2030,37316
Net Zero by 2050,Net-Zero Emissions by 2050,Energy,Total,Electricity generation,TWh,2040,56553
Net Zero by 2050,Net-Zero Emissions by 2050,Energy,Total,Electricity generation,TWh,2050,71164
Net Zero by 2050,Net-Zero Emissions by 2050,Energy,Renewables,Electricity generation,TWh,2019,7153
Net Zero by 2050,Net-Zero Emissions by 2050,Energy,Renewables,Electricity generation,TWh,2020,7660
Net Zero by 2050,Net-Zero Emissions by 2050,Energy,Renewables,Electricity generation,TWh,2030,22817
Net Zero by 2050,Net-Zero Emissions by 2050,Energy,Renewables,Electricity generation,TWh,2040,47521
Net Zero by 2050,Net-Zero Emissions by 2050,Energy,Renewables,Electricity generation,TWh,2050,62333
Net Zero by 2050,Net-Zero Emissions by 2050,Energy,Solar PV,Electricity generation,TWh,2019,665
Net Zero by 2050,Net-Zero Emissions by 2050,Energy,Solar PV,Electricity generation,TWh,2020,821
Net Zero by 2050,Net-Zero Emissions by 2050,Energy,Solar PV,Electricity generation,TWh,2030,6970
Net Zero by 2050,Net-Zero Emissions by 2050,Energy,Solar PV,Electricity generation,TWh,2040,17031
Net Zero by 2050,Net-Zero Emissions by 2050,Energy,Solar PV,Electricity generation,TWh,2050,23468
Net Zero by 2050,Net-Zero Emissions by 2050,Energy,Wind,Electricity generation,TWh,2019,1423
Net Zero by 2050,Net-Zero Emissions by 2050,Energy,Wind,Electricity generation,TWh,2020,1592
Net Zero by 2050,Net-Zero Emissions by 2050,Energy,Wind,Electricity generation,TWh,2030,8008
Net Zero by 2050,Net-Zero Emissions by 2050,Energy,Wind,Electricity generation,TWh,2040,18787
Net Zero by 2050,Net-Zero Emissions by 2050,Energy,Wind,Electricity generation,TWh,2050,24785
Net Zero by 2050,Net-Zero Emissions by 2050,Energy,Hydro,Electricity generation,TWh,2019,4294
Net Zero by 2050,Net-Zero Emissions by 2050,Energy,Hydro,Electricity generation,TWh,2020,4418
Net Zero by 2050,Net-Zero Emissions by 2050,Energy,Hydro,Electricity generation,TWh,2030,5870
Net Zero by 2050,Net-Zero Emissions by 2050,Energy,Hydro,Electricity generation,TWh,2040,7445
Net Zero by 2050,Net-Zero Emissions by 2050,Energy,Hydro,Electricity generation,TWh,2050,8461
Net Zero by 2050,Net-Zero Emissions by 2050,Energy,Bioenergy and waste,Electricity generation,TWh,2019,665
Net Zero by 2050,Net-Zero Emissions by 2050,Energy,Bioenergy and waste,Electricity generation,TWh,2020,718
Net Zero by 2050,Net-Zero Emissions by 2050,Energy,Bioenergy and waste,Electricity generation,TWh,2030,1407
Net Zero by 2050,Net-Zero Emissions by 2050,Energy,Bioenergy and waste,Electricity generation,TWh,2040,2676
Net Zero by 2050,Net-Zero Emissions by 2050,Energy,Bioenergy and waste,Electricity generation,TWh,2050,3279
Net Zero by 2050,Net-Zero Emissions by 2050,Energy,Bioenergy with CCUS,Electricity generation,TWh,2019,0
Net Zero by 2050,Net-Zero Emissions by 2050,Energy,Bioenergy with CCUS,Electricity generation,TWh,2020,0
Net Zero by 2050,Net-Zero Emissions by 2050,Energy,Bioenergy with CCUS,Electricity generation,TWh,2030,129
Net Zero by 2050,Net-Zero Emissions by 2050,Energy,Bioenergy with CCUS,Electricity generation,TWh,2040,673
Net Zero by 2050,Net-Zero Emissions by 2050,Energy,Bioenergy with CCUS,Electricity generation,TWh,2050,842
Net Zero by 2050,Net-Zero Emissions by 2050,Energy,Concentrating solar power,Electricity generation,TWh,2019,14
Net Zero by 2050,Net-Zero Emissions by 2050,Energy,Concentrating solar power,Electricity generation,TWh,2020,14
Net Zero by 2050,Net-Zero Emissions by 2050,Energy,Concentrating solar power,Electricity generation,TWh,2030,204
Net Zero by 2050,Net-Zero Emissions by 2050,Energy,Concentrating solar power,Electricity generation,TWh,2040,880
Net Zero by 2050,Net-Zero Emissions by 2050,Energy,Concentrating solar power,Electricity generation,TWh,2050,1386
Net Zero by 2050,Net-Zero Emissions by 2050,Energy,Geothermal,Electricity generation,TWh,2019,92
Net Zero by 2050,Net-Zero Emissions by 2050,Energy,Geothermal,Electricity generation,TWh,2020,94
Net Zero by 2050,Net-Zero Emissions by 2050,Energy,Geothermal,Electricity generation,TWh,2030,330
Net Zero by 2050,Net-Zero Emissions by 2050,Energy,Geothermal,Electricity generation,TWh,2040,625
Net Zero by 2050,Net-Zero Emissions by 2050,Energy,Geothermal,Electricity generation,TWh,2050,821
Net Zero by 2050,Net-Zero Emissions by 2050,Energy,Tide and wave,Electricity generation,TWh,2019,1
Net Zero by 2050,Net-Zero Emissions by 2050,Energy,Tide and wave,Electricity generation,TWh,2020,2
Net Zero by 2050,Net-Zero Emissions by 2050,Energy,Tide and wave,Electricity generation,TWh,2030,27
Net Zero by 2050,Net-Zero Emissions by 2050,Energy,Tide and wave,Electricity generation,TWh,2040,77
Net Zero by 2050,Net-Zero Emissions by 2050,Energy,Tide and wave,Electricity generation,TWh,2050,132
Net Zero by 2050,Net-Zero Emissions by 2050,Energy,Nuclear,Electricity generation,TWh,2019,2792
Net Zero by 2050,Net-Zero Emissions by 2050,Energy,Nuclear,Electricity generation,TWh,2020,2698
Net Zero by 2050,Net-Zero Emissions by 2050,Energy,Nuclear,Electricity generation,TWh,2030,3777
Net Zero by 2050,Net-Zero Emissions by 2050,Energy,Nuclear,Electricity generation,TWh,2040,4855
Net Zero by 2050,Net-Zero Emissions by 2050,Energy,Nuclear,Electricity generation,TWh,2050,5497
Net Zero by 2050,Net-Zero Emissions by 2050,Energy,Hydrogen-based fuels,Electricity generation,TWh,2019,0
Net Zero by 2050,Net-Zero Emissions by 2050,Energy,Hydrogen-based fuels,Electricity generation,TWh,2020,0
Net Zero by 2050,Net-Zero Emissions by 2050,Energy,Hydrogen-based fuels,Electricity generation,TWh,2030,875
Net Zero by 2050,Net-Zero Emissions by 2050,Energy,Hydrogen-based fuels,Electricity generation,TWh,2040,1857
Net Zero by 2050,Net-Zero Emissions by 2050,Energy,Hydrogen-based fuels,Electricity generation,TWh,2050,1713
Net Zero by 2050,Net-Zero Emissions by 2050,Energy,Fossil fuels with CCUS,Electricity generation,TWh,2019,1
Net Zero by 2050,Net-Zero Emissions by 2050,Energy,Fossil fuels with CCUS,Electricity generation,TWh,2020,4
Net Zero by 2050,Net-Zero Emissions by 2050,Energy,Fossil fuels with CCUS,Electricity generation,TWh,2030,459
Net Zero by 2050,Net-Zero Emissions by 2050,Energy,Fossil fuels with CCUS,Electricity generation,TWh,2040,1659
Net Zero by 2050,Net-Zero Emissions by 2050,Energy,Fossil fuels with CCUS,Electricity generation,TWh,2050,1332
Net Zero by 2050,Net-Zero Emissions by 2050,Energy,Coal with CCUS,Electricity generation,TWh,2019,1
Net Zero by 2050,Net-Zero Emissions by 2050,Energy,Coal with CCUS,Electricity generation,TWh,2020,4
Net Zero by 2050,Net-Zero Emissions by 2050,Energy,Coal with CCUS,Electricity generation,TWh,2030,289
Net Zero by 2050,Net-Zero Emissions by 2050,Energy,Coal with CCUS,Electricity generation,TWh,2040,966
Net Zero by 2050,Net-Zero Emissions by 2050,Energy,Coal with CCUS,Electricity generation,TWh,2050,663
Net Zero by 2050,Net-Zero Emissions by 2050,Energy,Natural gas with CCUS,Electricity generation,TWh,2019,0
Net Zero by 2050,Net-Zero Emissions by 2050,Energy,Natural gas with CCUS,Electricity generation,TWh,2020,0
Net Zero by 2050,Net-Zero Emissions by 2050,Energy,Natural gas with CCUS,Electricity generation,TWh,2030,170
Net Zero by 2050,Net-Zero Emissions by 2050,Energy,Natural gas with CCUS,Electricity generation,TWh,2040,694
Net Zero by 2050,Net-Zero Emissions by 2050,Energy,Natural gas with CCUS,Electricity generation,TWh,2050,669
Net Zero by 2050,Net-Zero Emissions by 2050,Energy,Unabated fossil fuels,Electricity generation,TWh,2019,16941
Net Zero by 2050,Net-Zero Emissions by 2050,Energy,Unabated fossil fuels,Electricity generation,TWh,2020,16382
Net Zero by 2050,Net-Zero Emissions by 2050,Energy,Unabated fossil fuels,Electricity generation,TWh,2030,9358
Net Zero by 2050,Net-Zero Emissions by 2050,Energy,Unabated fossil fuels,Electricity generation,TWh,2040,632
Net Zero by 2050,Net-Zero Emissions by 2050,Energy,Unabated fossil fuels,Electricity generation,TWh,2050,259
Net Zero by 2050,Net-Zero Emissions by 2050,Energy,Unabated coal,Electricity generation,TWh,2019,9832
Net Zero by 2050,Net-Zero Emissions by 2050,Energy,Unabated coal,Electricity generation,TWh,2020,9426
Net Zero by 2050,Net-Zero Emissions by 2050,Energy,Unabated coal,Electricity generation,TWh,2030,2947
Net Zero by 2050,Net-Zero Emissions by 2050,Energy,Unabated coal,Electricity generation,TWh,2040,0
Net Zero by 2050,Net-Zero Emissions by 2050,Energy,Unabated coal,Electricity generation,TWh,2050,0
Net Zero by 2050,Net-Zero Emissions by 2050,Energy,Unabated natural gas,Electricity generation,TWh,2019,6314
Net Zero by 2050,Net-Zero Emissions by 2050,Energy,Unabated natural gas,Electricity generation,TWh,2020,6200
Net Zero by 2050,Net-Zero Emissions by 2050,Energy,Unabated natural gas,Electricity generation,TWh,2030,6222
Net Zero by 2050,Net-Zero Emissions by 2050,Energy,Unabated natural gas,Electricity generation,TWh,2040,626
Net Zero by 2050,Net-Zero Emissions by 2050,Energy,Unabated natural gas,Electricity generation,TWh,2050,253
Net Zero by 2050,Net-Zero Emissions by 2050,Energy,Oil products,Electricity generation,TWh,2019,795
Net Zero by 2050,Net-Zero Emissions by 2050,Energy,Oil products,Electricity generation,TWh,2020,756
Net Zero by 2050,Net-Zero Emissions by 2050,Energy,Oil products,Electricity generation,TWh,2030,189
Net Zero by 2050,Net-Zero Emissions by 2050,Energy,Oil products,Electricity generation,TWh,2040,6
Net Zero by 2050,Net-Zero Emissions by 2050,Energy,Oil products,Electricity generation,TWh,2050,6
Net Zero by 2050,Net-Zero Emissions by 2050,Capacity,Total,Installed total power capacity,GW,2019,7484
Net Zero by 2050,Net-Zero Emissions by 2050,Capacity,Total,Installed total power capacity,GW,2020,7795
Net Zero by 2050,Net-Zero Emissions by 2050,Capacity,Total,Installed total power capacity,GW,2030,14933
Net Zero by 2050,Net-Zero Emissions by 2050,Capacity,Total,Installed total power capacity,GW,2040,26384
Net Zero by 2050,Net-Zero Emissions by 2050,Capacity,Total,Installed total power capacity,GW,2050,33415
Net Zero by 2050,Net-Zero Emissions by 2050,Capacity,Renewables,Installed total power capacity,GW,2019,2707
Net Zero by 2050,Net-Zero Emissions by 2050,Capacity,Renewables,Installed total power capacity,GW,2020,2994
Net Zero by 2050,Net-Zero Emissions by 2050,Capacity,Renewables,Installed total power capacity,GW,2030,10293
Net Zero by 2050,Net-Zero Emissions by 2050,Capacity,Renewables,Installed total power capacity,GW,2040,20732
Net Zero by 2050,Net-Zero Emissions by 2050,Capacity,Renewables,Installed total power capacity,GW,2050,26568
Net Zero by 2050,Net-Zero Emissions by 2050,Capacity,Solar PV,Installed total power capacity,GW,2019,603
Net Zero by 2050,Net-Zero Emissions by 2050,Capacity,Solar PV,Installed total power capacity,GW,2020,737
Net Zero by 2050,Net-Zero Emissions by 2050,Capacity,Solar PV,Installed total power capacity,GW,2030,4956
Net Zero by 2050,Net-Zero Emissions by 2050,Capacity,Solar PV,Installed total power capacity,GW,2040,10980
Net Zero by 2050,Net-Zero Emissions by 2050,Capacity,Solar PV,Installed total power capacity,GW,2050,14458
Net Zero by 2050,Net-Zero Emissions by 2050,Capacity,Wind,Installed total power capacity,GW,2019,623
Net Zero by 2050,Net-Zero Emissions by 2050,Capacity,Wind,Installed total power capacity,GW,2020,737
Net Zero by 2050,Net-Zero Emissions by 2050,Capacity,Wind,Installed total power capacity,GW,2030,3101
Net Zero by 2050,Net-Zero Emissions by 2050,Capacity,Wind,Installed total power capacity,GW,2040,6525
Net Zero by 2050,Net-Zero Emissions by 2050,Capacity,Wind,Installed total power capacity,GW,2050,8265
Net Zero by 2050,Net-Zero Emissions by 2050,Capacity,Hydro,Installed total power capacity,GW,2019,1306
Net Zero by 2050,Net-Zero Emissions by 2050,Capacity,Hydro,Installed total power capacity,GW,2020,1327
Net Zero by 2050,Net-Zero Emissions by 2050,Capacity,Hydro,Installed total power capacity,GW,2030,1804
Net Zero by 2050,Net-Zero Emissions by 2050,Capacity,Hydro,Installed total power capacity,GW,2040,2282
Net Zero by 2050,Net-Zero Emissions by 2050,Capacity,Hydro,Installed total power capacity,GW,2050,2599
Net Zero by 2050,Net-Zero Emissions by 2050,Capacity,Bioenergy and waste,Installed total power capacity,GW,2019,153
Net Zero by 2050,Net-Zero Emissions by 2050,Capacity,Bioenergy and waste,Installed total power capacity,GW,2020,171
Net Zero by 2050,Net-Zero Emissions by 2050,Capacity,Bioenergy and waste,Installed total power capacity,GW,2030,297
Net Zero by 2050,Net-Zero Emissions by 2050,Capacity,Bioenergy and waste,Installed total power capacity,GW,2040,534
Net Zero by 2050,Net-Zero Emissions by 2050,Capacity,Bioenergy and waste,Installed total power capacity,GW,2050,640
Net Zero by 2050,Net-Zero Emissions by 2050,Capacity,Bioenergy with CCUS,Installed total power capacity,GW,2019,0
Net Zero by 2050,Net-Zero Emissions by 2050,Capacity,Bioenergy with CCUS,Installed total power capacity,GW,2020,0
Net Zero by 2050,Net-Zero Emissions by 2050,Capacity,Bioenergy with CCUS,Installed total power capacity,GW,2030,28
Net Zero by 2050,Net-Zero Emissions by 2050,Capacity,Bioenergy with CCUS,Installed total power capacity,GW,2040,125
Net Zero by 2050,Net-Zero Emissions by 2050,Capacity,Bioenergy with CCUS,Installed total power capacity,GW,2050,152
Net Zero by 2050,Net-Zero Emissions by 2050,Capacity,Concentrating solar power,Installed total power capacity,GW,2019,6
Net Zero by 2050,Net-Zero Emissions by 2050,Capacity,Concentrating solar power,Installed total power capacity,GW,2020,6
Net Zero by 2050,Net-Zero Emissions by 2050,Capacity,Concentrating solar power,Installed total power capacity,GW,2030,73
Net Zero by 2050,Net-Zero Emissions by 2050,Capacity,Concentrating solar power,Installed total power capacity,GW,2040,281
Net Zero by 2050,Net-Zero Emissions by 2050,Capacity,Concentrating solar power,Installed total power capacity,GW,2050,426
Net Zero by 2050,Net-Zero Emissions by 2050,Capacity,Geothermal,Installed total power capacity,GW,2019,15
Net Zero by 2050,Net-Zero Emissions by 2050,Capacity,Geothermal,Installed total power capacity,GW,2020,15
Net Zero by 2050,Net-Zero Emissions by 2050,Capacity,Geothermal,Installed total power capacity,GW,2030,52
Net Zero by 2050,Net-Zero Emissions by 2050,Capacity,Geothermal,Installed total power capacity,GW,2040,98
Net Zero by 2050,Net-Zero Emissions by 2050,Capacity,Geothermal,Installed total power capacity,GW,2050,126
Net Zero by 2050,Net-Zero Emissions by 2050,Capacity,Tide and wave,Installed total power capacity,GW,2019,1
Net Zero by 2050,Net-Zero Emissions by 2050,Capacity,Tide and wave,Installed total power capacity,GW,2020,1
Net Zero by 2050,Net-Zero Emissions by 2050,Capacity,Tide and wave,Installed total power capacity,GW,2030,11
Net Zero by 2050,Net-Zero Emissions by 2050,Capacity,Tide and wave,Installed total power capacity,GW,2040,32
Net Zero by 2050,Net-Zero Emissions by 2050,Capacity,Tide and wave,Installed total power capacity,GW,2050,55
Net Zero by 2050,Net-Zero Emissions by 2050,Capacity,Nuclear,Installed total power capacity,GW,2019,415
Net Zero by 2050,Net-Zero Emissions by 2050,Capacity,Nuclear,Installed total power capacity,GW,2020,415
Net Zero by 2050,Net-Zero Emissions by 2050,Capacity,Nuclear,Installed total power capacity,GW,2030,515
Net Zero by 2050,Net-Zero Emissions by 2050,Capacity,Nuclear,Installed total power capacity,GW,2040,730
Net Zero by 2050,Net-Zero Emissions by 2050,Capacity,Nuclear,Installed total power capacity,GW,2050,812
Net Zero by 2050,Net-Zero Emissions by 2050,Capacity,Hydrogen-based fuels,Installed total power capacity,GW,2019,0
Net Zero by 2050,Net-Zero Emissions by 2050,Capacity,Hydrogen-based fuels,Installed total power capacity,GW,2020,0
Net Zero by 2050,Net-Zero Emissions by 2050,Capacity,Hydrogen-based fuels,Installed total power capacity,GW,2030,139
Net Zero by 2050,Net-Zero Emissions by 2050,Capacity,Hydrogen-based fuels,Installed total power capacity,GW,2040,1455
Net Zero by 2050,Net-Zero Emissions by 2050,Capacity,Hydrogen-based fuels,Installed total power capacity,GW,2050,1867
Net Zero by 2050,Net-Zero Emissions by 2050,Capacity,Fossil fuels with CCUS,Installed total power capacity,GW,2019,0
Net Zero by 2050,Net-Zero Emissions by 2050,Capacity,Fossil fuels with CCUS,Installed total power capacity,GW,2020,1
Net Zero by 2050,Net-Zero Emissions by 2050,Capacity,Fossil fuels with CCUS,Installed total power capacity,GW,2030,81
Net Zero by 2050,Net-Zero Emissions by 2050,Capacity,Fossil fuels with CCUS,Installed total power capacity,GW,2040,312
Net Zero by 2050,Net-Zero Emissions by 2050,Capacity,Fossil fuels with CCUS,Installed total power capacity,GW,2050,394
Net Zero by 2050,Net-Zero Emissions by 2050,Capacity,Coal with CCUS,Installed total power capacity,GW,2019,0
Net Zero by 2050,Net-Zero Emissions by 2050,Capacity,Coal with CCUS,Installed total power capacity,GW,2020,1
Net Zero by 2050,Net-Zero Emissions by 2050,Capacity,Coal with CCUS,Installed total power capacity,GW,2030,53
Net Zero by 2050,Net-Zero Emissions by 2050,Capacity,Coal with CCUS,Installed total power capacity,GW,2040,182
Net Zero by 2050,Net-Zero Emissions by 2050,Capacity,Coal with CCUS,Installed total power capacity,GW,2050,222
Net Zero by 2050,Net-Zero Emissions by 2050,Capacity,Natural gas with CCUS,Installed total power capacity,GW,2019,0
Net Zero by 2050,Net-Zero Emissions by 2050,Capacity,Natural gas with CCUS,Installed total power capacity,GW,2020,0
Net Zero by 2050,Net-Zero Emissions by 2050,Capacity,Natural gas with CCUS,Installed total power capacity,GW,2030,28
Net Zero by 2050,Net-Zero Emissions by 2050,Capacity,Natural gas with CCUS,Installed total power capacity,GW,2040,130
Net Zero by 2050,Net-Zero Emissions by 2050,Capacity,Natural gas with CCUS,Installed total power capacity,GW,2050,171
Net Zero by 2050,Net-Zero Emissions by 2050,Capacity,Unabated fossil fuels,Installed total power capacity,GW,2019,4351
Net Zero by 2050,Net-Zero Emissions by 2050,Capacity,Unabated fossil fuels,Installed total power capacity,GW,2020,4368
Net Zero by 2050,Net-Zero Emissions by 2050,Capacity,Unabated fossil fuels,Installed total power capacity,GW,2030,3320
Net Zero by 2050,Net-Zero Emissions by 2050,Capacity,Unabated fossil fuels,Installed total power capacity,GW,2040,1151
Net Zero by 2050,Net-Zero Emissions by 2050,Capacity,Unabated fossil fuels,Installed total power capacity,GW,2050,677
Net Zero by 2050,Net-Zero Emissions by 2050,Capacity,Unabated coal,Installed total power capacity,GW,2019,2124
Net Zero by 2050,Net-Zero Emissions by 2050,Capacity,Unabated coal,Installed total power capacity,GW,2020,2117
Net Zero by 2050,Net-Zero Emissions by 2050,Capacity,Unabated coal,Installed total power capacity,GW,2030,1192
Net Zero by 2050,Net-Zero Emissions by 2050,Capacity,Unabated coal,Installed total power capacity,GW,2040,432
Net Zero by 2050,Net-Zero Emissions by 2050,Capacity,Unabated coal,Installed total power capacity,GW,2050,158
Net Zero by 2050,Net-Zero Emissions by 2050,Capacity,Unabated natural gas,Installed total power capacity,GW,2019,1788
Net Zero by 2050,Net-Zero Emissions by 2050,Capacity,Unabated natural gas,Installed total power capacity,GW,2020,1829
Net Zero by 2050,Net-Zero Emissions by 2050,Capacity,Unabated natural gas,Installed total power capacity,GW,2030,1950
Net Zero by 2050,Net-Zero Emissions by 2050,Capacity,Unabated natural gas,Installed total power capacity,GW,2040,679
Net Zero by 2050,Net-Zero Emissions by 2050,Capacity,Unabated natural gas,Installed total power capacity,GW,2050,495
Net Zero by 2050,Net-Zero Emissions by 2050,Capacity,Oil products,Installed total power capacity,GW,2019,440
Net Zero by 2050,Net-Zero Emissions by 2050,Capacity,Oil products,Installed total power capacity,GW,2020,422
Net Zero by 2050,Net-Zero Emissions by 2050,Capacity,Oil products,Installed total power capacity,GW,2030,178
Net Zero by 2050,Net-Zero Emissions by 2050,Capacity,Oil products,Installed total power capacity,GW,2040,39
Net Zero by 2050,Net-Zero Emissions by 2050,Capacity,Oil products,Installed total power capacity,GW,2050,25
Net Zero by 2050,Net-Zero Emissions by 2050,Capacity,Battery storage total,Installed total power capacity,GW,2019,11
Net Zero by 2050,Net-Zero Emissions by 2050,Capacity,Battery storage total,Installed total power capacity,GW,2020,18
Net Zero by 2050,Net-Zero Emissions by 2050,Capacity,Battery storage total,Installed total power capacity,GW,2030,585
Net Zero by 2050,Net-Zero Emissions by 2050,Capacity,Battery storage total,Installed total power capacity,GW,2040,2005
Net Zero by 2050,Net-Zero Emissions by 2050,Capacity,Battery storage total,Installed total power capacity,GW,2050,3097
Net Zero by 2050,Net-Zero Emissions by 2050,"CO2 combustion, processes, removal",Total,Total all sectors,Mt CO2,2019,35926
Net Zero by 2050,Net-Zero Emissions by 2050,"CO2 combustion, processes, removal",Total,Total all sectors,Mt CO2,2020,33903
Net Zero by 2050,Net-Zero Emissions by 2050,"CO2 combustion, processes, removal",Total,Total all sectors,Mt CO2,2030,21147
Net Zero by 2050,Net-Zero Emissions by 2050,"CO2 combustion, processes, removal",Total,Total all sectors,Mt CO2,2040,6316
Net Zero by 2050,Net-Zero Emissions by 2050,"CO2 combustion, processes, removal",Total,Total all sectors,Mt CO2,2050,0
Net Zero by 2050,Net-Zero Emissions by 2050,CO2 combustion,Total,Total energy supply,Mt CO2,2019,33499
Net Zero by 2050,Net-Zero Emissions by 2050,CO2 combustion,Total,Total energy supply,Mt CO2,2020,31582
Net Zero by 2050,Net-Zero Emissions by 2050,CO2 combustion,Total,Total energy supply,Mt CO2,2030,19254
Net Zero by 2050,Net-Zero Emissions by 2050,CO2 combustion,Total,Total energy supply,Mt CO2,2040,6030
Net Zero by 2050,Net-Zero Emissions by 2050,CO2 combustion,Total,Total energy supply,Mt CO2,2050,940
Net Zero by 2050,Net-Zero Emissions by 2050,CO2 combustion,Coal,Total energy supply,Mt CO2,2019,14660
Net Zero by 2050,Net-Zero Emissions by 2050,CO2 combustion,Coal,Total energy supply,Mt CO2,2020,14110
Net Zero by 2050,Net-Zero Emissions by 2050,CO2 combustion,Coal,Total energy supply,Mt CO2,2030,5915
Net Zero by 2050,Net-Zero Emissions by 2050,CO2 combustion,Coal,Total energy supply,Mt CO2,2040,1299
Net Zero by 2050,Net-Zero Emissions by 2050,CO2 combustion,Coal,Total energy supply,Mt CO2,2050,195
Net Zero by 2050,Net-Zero Emissions by 2050,CO2 combustion,Oil products,Total energy supply,Mt CO2,2019,11505
Net Zero by 2050,Net-Zero Emissions by 2050,CO2 combustion,Oil products,Total energy supply,Mt CO2,2020,10264
Net Zero by 2050,Net-Zero Emissions by 2050,CO2 combustion,Oil products,Total energy supply,Mt CO2,2030,7426
Net Zero by 2050,Net-Zero Emissions by 2050,CO2 combustion,Oil products,Total energy supply,Mt CO2,2040,3329
Net Zero by 2050,Net-Zero Emissions by 2050,CO2 combustion,Oil products,Total energy supply,Mt CO2,2050,928
Net Zero by 2050,Net-Zero Emissions by 2050,CO2 combustion,Natural gas,Total energy supply,Mt CO2,2019,7259
Net Zero by 2050,Net-Zero Emissions by 2050,CO2 combustion,Natural gas,Total energy supply,Mt CO2,2020,7138
Net Zero by 2050,Net-Zero Emissions by 2050,CO2 combustion,Natural gas,Total energy supply,Mt CO2,2030,5960
Net Zero by 2050,Net-Zero Emissions by 2050,CO2 combustion,Natural gas,Total energy supply,Mt CO2,2040,1929
Net Zero by 2050,Net-Zero Emissions by 2050,CO2 combustion,Natural gas,Total energy supply,Mt CO2,2050,566
Net Zero by 2050,Net-Zero Emissions by 2050,CO2 combustion,Bioenergy and waste,Total energy supply,Mt CO2,2019,75
Net Zero by 2050,Net-Zero Emissions by 2050,CO2 combustion,Bioenergy and waste,Total energy supply,Mt CO2,2020,71
Net Zero by 2050,Net-Zero Emissions by 2050,CO2 combustion,Bioenergy and waste,Total energy supply,Mt CO2,2030,-48
Net Zero by 2050,Net-Zero Emissions by 2050,CO2 combustion,Bioenergy and waste,Total energy supply,Mt CO2,2040,-528
Net Zero by 2050,Net-Zero Emissions by 2050,CO2 combustion,Bioenergy and waste,Total energy supply,Mt CO2,2050,-748
Net Zero by 2050,Net-Zero Emissions by 2050,CO2 removal,Total,Total all sectors,Mt CO2,2019,1
Net Zero by 2050,Net-Zero Emissions by 2050,CO2 removal,Total,Total all sectors,Mt CO2,2020,1
Net Zero by 2050,Net-Zero Emissions by 2050,CO2 removal,Total,Total all sectors,Mt CO2,2030,214
Net Zero by 2050,Net-Zero Emissions by 2050,CO2 removal,Total,Total all sectors,Mt CO2,2040,914
Net Zero by 2050,Net-Zero Emissions by 2050,CO2 removal,Total,Total all sectors,Mt CO2,2050,1186
Net Zero by 2050,Net-Zero Emissions by 2050,CO2 atmospheric removal,Total,Direct air capture,Mt CO2,2019,1
Net Zero by 2050,Net-Zero Emissions by 2050,CO2 atmospheric removal,Total,Direct air capture,Mt CO2,2020,1
Net Zero by 2050,Net-Zero Emissions by 2050,CO2 atmospheric removal,Total,Direct air capture,Mt CO2,2030,142
Net Zero by 2050,Net-Zero Emissions by 2050,CO2 atmospheric removal,Total,Direct air capture,Mt CO2,2040,385
Net Zero by 2050,Net-Zero Emissions by 2050,CO2 atmospheric removal,Total,Direct air capture,Mt CO2,2050,553
Net Zero by 2050,Net-Zero Emissions by 2050,CO2 industrial processes captured and stored,Total,Biofuels production,Mt CO2,2019,0
Net Zero by 2050,Net-Zero Emissions by 2050,CO2 industrial processes captured and stored,Total,Biofuels production,Mt CO2,2020,0
Net Zero by 2050,Net-Zero Emissions by 2050,CO2 industrial processes captured and stored,Total,Biofuels production,Mt CO2,2030,71
Net Zero by 2050,Net-Zero Emissions by 2050,CO2 industrial processes captured and stored,Total,Biofuels production,Mt CO2,2040,528
Net Zero by 2050,Net-Zero Emissions by 2050,CO2 industrial processes captured and stored,Total,Biofuels production,Mt CO2,2050,633
Net Zero by 2050,Net-Zero Emissions by 2050,CO2 combustion,Total,Power sector inputs,Mt CO2,2019,13821
Net Zero by 2050,Net-Zero Emissions by 2050,CO2 combustion,Total,Power sector inputs,Mt CO2,2020,13504
Net Zero by 2050,Net-Zero Emissions by 2050,CO2 combustion,Total,Power sector inputs,Mt CO2,2030,5816
Net Zero by 2050,Net-Zero Emissions by 2050,CO2 combustion,Total,Power sector inputs,Mt CO2,2040,-81
Net Zero by 2050,Net-Zero Emissions by 2050,CO2 combustion,Total,Power sector inputs,Mt CO2,2050,-369
Net Zero by 2050,Net-Zero Emissions by 2050,CO2 combustion,Coal,Power sector inputs,Mt CO2,2019,10035
Net Zero by 2050,Net-Zero Emissions by 2050,CO2 combustion,Coal,Power sector inputs,Mt CO2,2020,9786
Net Zero by 2050,Net-Zero Emissions by 2050,CO2 combustion,Coal,Power sector inputs,Mt CO2,2030,2950
Net Zero by 2050,Net-Zero Emissions by 2050,CO2 combustion,Coal,Power sector inputs,Mt CO2,2040,102
Net Zero by 2050,Net-Zero Emissions by 2050,CO2 combustion,Coal,Power sector inputs,Mt CO2,2050,69
Net Zero by 2050,Net-Zero Emissions by 2050,CO2 combustion,Oil products,Power sector inputs,Mt CO2,2019,655
Net Zero by 2050,Net-Zero Emissions by 2050,CO2 combustion,Oil products,Power sector inputs,Mt CO2,2020,628
Net Zero by 2050,Net-Zero Emissions by 2050,CO2 combustion,Oil products,Power sector inputs,Mt CO2,2030,173
Net Zero by 2050,Net-Zero Emissions by 2050,CO2 combustion,Oil products,Power sector inputs,Mt CO2,2040,6
Net Zero by 2050,Net-Zero Emissions by 2050,CO2 combustion,Oil products,Power sector inputs,Mt CO2,2050,6
Net Zero by 2050,Net-Zero Emissions by 2050,CO2 combustion,Natural gas,Power sector inputs,Mt CO2,2019,3131
Net Zero by 2050,Net-Zero Emissions by 2050,CO2 combustion,Natural gas,Power sector inputs,Mt CO2,2020,3089
Net Zero by 2050,Net-Zero Emissions by 2050,CO2 combustion,Natural gas,Power sector inputs,Mt CO2,2030,2781
Net Zero by 2050,Net-Zero Emissions by 2050,CO2 combustion,Natural gas,Power sector inputs,Mt CO2,2040,268
Net Zero by 2050,Net-Zero Emissions by 2050,CO2 combustion,Natural gas,Power sector inputs,Mt CO2,2050,128
Net Zero by 2050,Net-Zero Emissions by 2050,CO2 combustion,Bioenergy and waste,Power sector inputs,Mt CO2,2019,0
Net Zero by 2050,Net-Zero Emissions by 2050,CO2 combustion,Bioenergy and waste,Power sector inputs,Mt CO2,2020,0
Net Zero by 2050,Net-Zero Emissions by 2050,CO2 combustion,Bioenergy and waste,Power sector inputs,Mt CO2,2030,-87
Net Zero by 2050,Net-Zero Emissions by 2050,CO2 combustion,Bioenergy and waste,Power sector inputs,Mt CO2,2040,-457
Net Zero by 2050,Net-Zero Emissions by 2050,CO2 combustion,Bioenergy and waste,Power sector inputs,Mt CO2,2050,-572
Net Zero by 2050,Net-Zero Emissions by 2050,CO2 combustion and processes emissions,Total,Other energy sector,Mt CO2,2019,1457
Net Zero by 2050,Net-Zero Emissions by 2050,CO2 combustion and processes emissions,Total,Other energy sector,Mt CO2,2020,1472
Net Zero by 2050,Net-Zero Emissions by 2050,CO2 combustion and processes emissions,Total,Other energy sector,Mt CO2,2030,679
Net Zero by 2050,Net-Zero Emissions by 2050,CO2 combustion and processes emissions,Total,Other energy sector,Mt CO2,2040,-85
Net Zero by 2050,Net-Zero Emissions by 2050,CO2 combustion and processes emissions,Total,Other energy sector,Mt CO2,2050,-368
Net Zero by 2050,Net-Zero Emissions by 2050,CO2 combustion and processes emissions,Total,Total final consumption,Mt CO2,2019,20647
Net Zero by 2050,Net-Zero Emissions by 2050,CO2 combustion and processes emissions,Total,Total final consumption,Mt CO2,2020,18928
Net Zero by 2050,Net-Zero Emissions by 2050,CO2 combustion and processes emissions,Total,Total final consumption,Mt CO2,2030,14723
Net Zero by 2050,Net-Zero Emissions by 2050,CO2 combustion and processes emissions,Total,Total final consumption,Mt CO2,2040,7011
Net Zero by 2050,Net-Zero Emissions by 2050,CO2 combustion and processes emissions,Total,Total final consumption,Mt CO2,2050,1370
Net Zero by 2050,Net-Zero Emissions by 2050,CO2 combustion,Coal,Total final consumption,Mt CO2,2019,4486
Net Zero by 2050,Net-Zero Emissions by 2050,CO2 combustion,Coal,Total final consumption,Mt CO2,2020,4171
Net Zero by 2050,Net-Zero Emissions by 2050,CO2 combustion,Coal,Total final consumption,Mt CO2,2030,2935
Net Zero by 2050,Net-Zero Emissions by 2050,CO2 combustion,Coal,Total final consumption,Mt CO2,2040,1186
Net Zero by 2050,Net-Zero Emissions by 2050,CO2 combustion,Coal,Total final consumption,Mt CO2,2050,117
Net Zero by 2050,Net-Zero Emissions by 2050,CO2 combustion,Oil products,Total final consumption,Mt CO2,2019,10272
Net Zero by 2050,Net-Zero Emissions by 2050,CO2 combustion,Oil products,Total final consumption,Mt CO2,2020,9077
Net Zero by 2050,Net-Zero Emissions by 2050,CO2 combustion,Oil products,Total final consumption,Mt CO2,2030,6973
Net Zero by 2050,Net-Zero Emissions by 2050,CO2 combustion,Oil products,Total final consumption,Mt CO2,2040,3242
Net Zero by 2050,Net-Zero Emissions by 2050,CO2 combustion,Oil products,Total final consumption,Mt CO2,2050,880
Net Zero by 2050,Net-Zero Emissions by 2050,CO2 combustion,Natural gas,Total final consumption,Mt CO2,2019,3451
Net Zero by 2050,Net-Zero Emissions by 2050,CO2 combustion,Natural gas,Total final consumption,Mt CO2,2020,3332
Net Zero by 2050,Net-Zero Emissions by 2050,CO2 combustion,Natural gas,Total final consumption,Mt CO2,2030,2668
Net Zero by 2050,Net-Zero Emissions by 2050,CO2 combustion,Natural gas,Total final consumption,Mt CO2,2040,1453
Net Zero by 2050,Net-Zero Emissions by 2050,CO2 combustion,Natural gas,Total final consumption,Mt CO2,2050,303
Net Zero by 2050,Net-Zero Emissions by 2050,CO2 combustion,Bioenergy and waste,Total final consumption,Mt CO2,2019,75
Net Zero by 2050,Net-Zero Emissions by 2050,CO2 combustion,Bioenergy and waste,Total final consumption,Mt CO2,2020,71
Net Zero by 2050,Net-Zero Emissions by 2050,CO2 combustion,Bioenergy and waste,Total final consumption,Mt CO2,2030,40
Net Zero by 2050,Net-Zero Emissions by 2050,CO2 combustion,Bioenergy and waste,Total final consumption,Mt CO2,2040,-70
Net Zero by 2050,Net-Zero Emissions by 2050,CO2 combustion,Bioenergy and waste,Total final consumption,Mt CO2,2050,-176
Net Zero by 2050,Net-Zero Emissions by 2050,CO2 combustion and processes emissions,Total,Industry,Mt CO2,2019,8903
Net Zero by 2050,Net-Zero Emissions by 2050,CO2 combustion and processes emissions,Total,Industry,Mt CO2,2020,8478
Net Zero by 2050,Net-Zero Emissions by 2050,CO2 combustion and processes emissions,Total,Industry,Mt CO2,2030,6892
Net Zero by 2050,Net-Zero Emissions by 2050,CO2 combustion and processes emissions,Total,Industry,Mt CO2,2040,3485
Net Zero by 2050,Net-Zero Emissions by 2050,CO2 combustion and processes emissions,Total,Industry,Mt CO2,2050,519
Net Zero by 2050,Net-Zero Emissions by 2050,CO2 combustion and processes emissions,Total,Iron and steel,Mt CO2,2019,2507
Net Zero by 2050,Net-Zero Emissions by 2050,CO2 combustion and processes emissions,Total,Iron and steel,Mt CO2,2020,2349
Net Zero by 2050,Net-Zero Emissions by 2050,CO2 combustion and processes emissions,Total,Iron and steel,Mt CO2,2030,1778
Net Zero by 2050,Net-Zero Emissions by 2050,CO2 combustion and processes emissions,Total,Iron and steel,Mt CO2,2040,859
Net Zero by 2050,Net-Zero Emissions by 2050,CO2 combustion and processes emissions,Total,Iron and steel,Mt CO2,2050,220
Net Zero by 2050,Net-Zero Emissions by 2050,CO2 combustion and processes emissions,Total,Chemical and petrochemical,Mt CO2,2019,1344
Net Zero by 2050,Net-Zero Emissions by 2050,CO2 combustion and processes emissions,Total,Chemical and petrochemical,Mt CO2,2020,1296
Net Zero by 2050,Net-Zero Emissions by 2050,CO2 combustion and processes emissions,Total,Chemical and petrochemical,Mt CO2,2030,1199
Net Zero by 2050,Net-Zero Emissions by 2050,CO2 combustion and processes emissions,Total,Chemical and petrochemical,Mt CO2,2040,654
Net Zero by 2050,Net-Zero Emissions by 2050,CO2 combustion and processes emissions,Total,Chemical and petrochemical,Mt CO2,2050,66
Net Zero by 2050,Net-Zero Emissions by 2050,CO2 combustion and processes emissions,Total,Cement,Mt CO2,2019,2461
Net Zero by 2050,Net-Zero Emissions by 2050,CO2 combustion and processes emissions,Total,Cement,Mt CO2,2020,2334
Net Zero by 2050,Net-Zero Emissions by 2050,CO2 combustion and processes emissions,Total,Cement,Mt CO2,2030,1899
Net Zero by 2050,Net-Zero Emissions by 2050,CO2 combustion and processes emissions,Total,Cement,Mt CO2,2040,906
Net Zero by 2050,Net-Zero Emissions by 2050,CO2 combustion and processes emissions,Total,Cement,Mt CO2,2050,133
Net Zero by 2050,Net-Zero Emissions by 2050,CO2 combustion,Total,Transport,Mt CO2,2019,8290
Net Zero by 2050,Net-Zero Emissions by 2050,CO2 combustion,Total,Transport,Mt CO2,2020,7153
Net Zero by 2050,Net-Zero Emissions by 2050,CO2 combustion,Total,Transport,Mt CO2,2030,5719
Net Zero by 2050,Net-Zero Emissions by 2050,CO2 combustion,Total,Transport,Mt CO2,2040,2686
Net Zero by 2050,Net-Zero Emissions by 2050,CO2 combustion,Total,Transport,Mt CO2,2050,689
Net Zero by 2050,Net-Zero Emissions by 2050,CO2 combustion,Total,Road,Mt CO2,2019,6116
Net Zero by 2050,Net-Zero Emissions by 2050,CO2 combustion,Total,Road,Mt CO2,2020,5483
Net Zero by 2050,Net-Zero Emissions by 2050,CO2 combustion,Total,Road,Mt CO2,2030,4077
Net Zero by 2050,Net-Zero Emissions by 2050,CO2 combustion,Total,Road,Mt CO2,2040,1793
Net Zero by 2050,Net-Zero Emissions by 2050,CO2 combustion,Total,Road,Mt CO2,2050,340
Net Zero by 2050,Net-Zero Emissions by 2050,CO2 combustion,Total,Passenger cars,Mt CO2,2019,3121
Net Zero by 2050,Net-Zero Emissions by 2050,CO2 combustion,Total,Passenger cars,Mt CO2,2020,2746
Net Zero by 2050,Net-Zero Emissions by 2050,CO2 combustion,Total,Passenger cars,Mt CO2,2030,1626
Net Zero by 2050,Net-Zero Emissions by 2050,CO2 combustion,Total,Passenger cars,Mt CO2,2040,547
Net Zero by 2050,Net-Zero Emissions by 2050,CO2 combustion,Total,Passenger cars,Mt CO2,2050,85
Net Zero by 2050,Net-Zero Emissions by 2050,CO2 combustion,Total,Trucks,Mt CO2,2019,1835
Net Zero by 2050,Net-Zero Emissions by 2050,CO2 combustion,Total,Trucks,Mt CO2,2020,1721
Net Zero by 2050,Net-Zero Emissions by 2050,CO2 combustion,Total,Trucks,Mt CO2,2030,1614
Net Zero by 2050,Net-Zero Emissions by 2050,CO2 combustion,Total,Trucks,Mt CO2,2040,890
Net Zero by 2050,Net-Zero Emissions by 2050,CO2 combustion,Total,Trucks,Mt CO2,2050,198
Net Zero by 2050,Net-Zero Emissions by 2050,CO2 combustion,Total,Total aviation (domestic and bunkers),Mt CO2,2019,1019
Net Zero by 2050,Net-Zero Emissions by 2050,CO2 combustion,Total,Total aviation (domestic and bunkers),Mt CO2,2020,621
Net Zero by 2050,Net-Zero Emissions by 2050,CO2 combustion,Total,Total aviation (domestic and bunkers),Mt CO2,2030,783
Net Zero by 2050,Net-Zero Emissions by 2050,CO2 combustion,Total,Total aviation (domestic and bunkers),Mt CO2,2040,469
Net Zero by 2050,Net-Zero Emissions by 2050,CO2 combustion,Total,Total aviation (domestic and bunkers),Mt CO2,2050,210
Net Zero by 2050,Net-Zero Emissions by 2050,CO2 combustion,Total,Total navigation (domestic and bunkers),Mt CO2,2019,883
Net Zero by 2050,Net-Zero Emissions by 2050,CO2 combustion,Total,Total navigation (domestic and bunkers),Mt CO2,2020,800
Net Zero by 2050,Net-Zero Emissions by 2050,CO2 combustion,Total,Total navigation (domestic and bunkers),Mt CO2,2030,705
Net Zero by 2050,Net-Zero Emissions by 2050,CO2 combustion,Total,Total navigation (domestic and bunkers),Mt CO2,2040,348
Net Zero by 2050,Net-Zero Emissions by 2050,CO2 combustion,Total,Total navigation (domestic and bunkers),Mt CO2,2050,122
Net Zero by 2050,Net-Zero Emissions by 2050,CO2 combustion,Total,Buildings,Mt CO2,2019,3007
Net Zero by 2050,Net-Zero Emissions by 2050,CO2 combustion,Total,Buildings,Mt CO2,2020,2860
Net Zero by 2050,Net-Zero Emissions by 2050,CO2 combustion,Total,Buildings,Mt CO2,2030,1809
Net Zero by 2050,Net-Zero Emissions by 2050,CO2 combustion,Total,Buildings,Mt CO2,2040,685
Net Zero by 2050,Net-Zero Emissions by 2050,CO2 combustion,Total,Buildings,Mt CO2,2050,122
Net Zero by 2050,Net-Zero Emissions by 2050,CO2 combustion,Total,Residential,Mt CO2,2019,2030
Net Zero by 2050,Net-Zero Emissions by 2050,CO2 combustion,Total,Residential,Mt CO2,2020,1968
Net Zero by 2050,Net-Zero Emissions by 2050,CO2 combustion,Total,Residential,Mt CO2,2030,1377
Net Zero by 2050,Net-Zero Emissions by 2050,CO2 combustion,Total,Residential,Mt CO2,2040,541
Net Zero by 2050,Net-Zero Emissions by 2050,CO2 combustion,Total,Residential,Mt CO2,2050,108
Net Zero by 2050,Net-Zero Emissions by 2050,CO2 combustion,Total,Services,Mt CO2,2019,977
Net Zero by 2050,Net-Zero Emissions by 2050,CO2 combustion,Total,Services,Mt CO2,2020,892
Net Zero by 2050,Net-Zero Emissions by 2050,CO2 combustion,Total,Services,Mt CO2,2030,432
Net Zero by 2050,Net-Zero Emissions by 2050,CO2 combustion,Total,Services,Mt CO2,2040,144
Net Zero by 2050,Net-Zero Emissions by 2050,CO2 combustion,Total,Services,Mt CO2,2050,14
Net Zero by 2050,Net-Zero Emissions by 2050,CO2 removal,Total,Total all sectors,Mt CO2,2019,1
Net Zero by 2050,Net-Zero Emissions by 2050,CO2 removal,Total,Total all sectors,Mt CO2,2020,1
Net Zero by 2050,Net-Zero Emissions by 2050,CO2 removal,Total,Total all sectors,Mt CO2,2030,317
Net Zero by 2050,Net-Zero Emissions by 2050,CO2 removal,Total,Total all sectors,Mt CO2,2040,1457
Net Zero by 2050,Net-Zero Emissions by 2050,CO2 removal,Total,Total all sectors,Mt CO2,2050,1936
Net Zero by 2050,Net-Zero Emissions by 2050,"CO2 combustion, processes, removal captured and stored",Total,Total all sectors,Mt CO2,2019,40
Net Zero by 2050,Net-Zero Emissions by 2050,"CO2 combustion, processes, removal captured and stored",Total,Total all sectors,Mt CO2,2020,40
Net Zero by 2050,Net-Zero Emissions by 2050,"CO2 combustion, processes, removal captured and stored",Total,Total all sectors,Mt CO2,2030,1665
Net Zero by 2050,Net-Zero Emissions by 2050,"CO2 combustion, processes, removal captured and stored",Total,Total all sectors,Mt CO2,2040,5619
Net Zero by 2050,Net-Zero Emissions by 2050,"CO2 combustion, processes, removal captured and stored",Total,Total all sectors,Mt CO2,2050,7602
Net Zero by 2050,Net-Zero Emissions by 2050,Population indicators,Total,Population,Million People,2019,7672
Net Zero by 2050,Net-Zero Emissions by 2050,Population indicators,Total,Population,Million People,2020,7753
Net Zero by 2050,Net-Zero Emissions by 2050,Population indicators,Total,Population,Million People,2030,8505
Net Zero by 2050,Net-Zero Emissions by 2050,Population indicators,Total,Population,Million People,2040,9155
Net Zero by 2050,Net-Zero Emissions by 2050,Population indicators,Total,Population,Million People,2050,9692
Net Zero by 2050,Net-Zero Emissions by 2050,Economic indicators,Total,Gross domestic product PPP,"USD billion, PPP",2019,134710
Net Zero by 2050,Net-Zero Emissions by 2050,Economic indicators,Total,Gross domestic product PPP,"USD billion, PPP",2020,128276
Net Zero by 2050,Net-Zero Emissions by 2050,Economic indicators,Total,Gross domestic product PPP,"USD billion, PPP",2030,184037
Net Zero by 2050,Net-Zero Emissions by 2050,Economic indicators,Total,Gross domestic product PPP,"USD billion, PPP",2040,246960
Net Zero by 2050,Net-Zero Emissions by 2050,Economic indicators,Total,Gross domestic product PPP,"USD billion, PPP",2050,316411
Net Zero by 2050,Net-Zero Emissions by 2050,Economic indicators,Total,GDP per capita,"USD thousand, PPP",2019,17558
Net Zero by 2050,Net-Zero Emissions by 2050,Economic indicators,Total,GDP per capita,"USD thousand, PPP",2020,16545
Net Zero by 2050,Net-Zero Emissions by 2050,Economic indicators,Total,GDP per capita,"USD thousand, PPP",2030,21638
Net Zero by 2050,Net-Zero Emissions by 2050,Economic indicators,Total,GDP per capita,"USD thousand, PPP",2040,26975
Net Zero by 2050,Net-Zero Emissions by 2050,Economic indicators,Total,GDP per capita,"USD thousand, PPP",2050,32648
Net Zero by 2050,Net-Zero Emissions by 2050,Energy intensity,Total,TES per GDP,GJ per thousand USD PPP,2019,4.543
Net Zero by 2050,Net-Zero Emissions by 2050,Energy intensity,Total,TES per GDP,GJ per thousand USD PPP,2020,4.578
Net Zero by 2050,Net-Zero Emissions by 2050,Energy intensity,Total,TES per GDP,GJ per thousand USD PPP,2030,2.973
Net Zero by 2050,Net-Zero Emissions by 2050,Energy intensity,Total,TES per GDP,GJ per thousand USD PPP,2040,2.164
Net Zero by 2050,Net-Zero Emissions by 2050,Energy intensity,Total,TES per GDP,GJ per thousand USD PPP,2050,1.716
Net Zero by 2050,Net-Zero Emissions by 2050,Energy intensity,Total,TFC per GDP,GJ per thousand USD PPP,2019,3.231
Net Zero by 2050,Net-Zero Emissions by 2050,Energy intensity,Total,TFC per GDP,GJ per thousand USD PPP,2020,3.208
Net Zero by 2050,Net-Zero Emissions by 2050,Energy intensity,Total,TFC per GDP,GJ per thousand USD PPP,2030,2.139
Net Zero by 2050,Net-Zero Emissions by 2050,Energy intensity,Total,TFC per GDP,GJ per thousand USD PPP,2040,1.468
Net Zero by 2050,Net-Zero Emissions by 2050,Energy intensity,Total,TFC per GDP,GJ per thousand USD PPP,2050,1.086
Net Zero by 2050,Net-Zero Emissions by 2050,Energy intensity,Total,TES per capita,GJ per capita,2019,79.774
Net Zero by 2050,Net-Zero Emissions by 2050,Energy intensity,Total,TES per capita,GJ per capita,2020,75.739
Net Zero by 2050,Net-Zero Emissions by 2050,Energy intensity,Total,TES per capita,GJ per capita,2030,64.326
Net Zero by 2050,Net-Zero Emissions by 2050,Energy intensity,Total,TES per capita,GJ per capita,2040,58.385
Net Zero by 2050,Net-Zero Emissions by 2050,Energy intensity,Total,TES per capita,GJ per capita,2050,56.027
Net Zero by 2050,Net-Zero Emissions by 2050,CO2 emissions intensity,Electricity,Electricity generation,kgCO2 per kWh,2019,0.468
Net Zero by 2050,Net-Zero Emissions by 2050,CO2 emissions intensity,Electricity,Electricity generation,kgCO2 per kWh,2020,0.438
Net Zero by 2050,Net-Zero Emissions by 2050,CO2 emissions intensity,Electricity,Electricity generation,kgCO2 per kWh,2030,0.138
Net Zero by 2050,Net-Zero Emissions by 2050,CO2 emissions intensity,Electricity,Electricity generation,kgCO2 per kWh,2040,-0.001
Net Zero by 2050,Net-Zero Emissions by 2050,CO2 emissions intensity,Electricity,Electricity generation,kgCO2 per kWh,2050,-0.005
Net Zero by 2050,Net-Zero Emissions by 2050,Industrial production,Total,Primary chemicals,Mt,2019,538
Net Zero by 2050,Net-Zero Emissions by 2050,Industrial production,Total,Primary chemicals,Mt,2020,529
Net Zero by 2050,Net-Zero Emissions by 2050,Industrial production,Total,Primary chemicals,Mt,2030,641
Net Zero by 2050,Net-Zero Emissions by 2050,Industrial production,Total,Primary chemicals,Mt,2040,686
Net Zero by 2050,Net-Zero Emissions by 2050,Industrial production,Total,Primary chemicals,Mt,2050,688
Net Zero by 2050,Net-Zero Emissions by 2050,Industrial production,Total,Crude steel,Mt,2019,1869
Net Zero by 2050,Net-Zero Emissions by 2050,Industrial production,Total,Crude steel,Mt,2020,1781
Net Zero by 2050,Net-Zero Emissions by 2050,Industrial production,Total,Crude steel,Mt,2030,1937
Net Zero by 2050,Net-Zero Emissions by 2050,Industrial production,Total,Crude steel,Mt,2040,1958
Net Zero by 2050,Net-Zero Emissions by 2050,Industrial production,Total,Crude steel,Mt,2050,1987
Net Zero by 2050,Net-Zero Emissions by 2050,Industrial production,Total,Non metallic minerals (cement),Mt,2019,4215
Net Zero by 2050,Net-Zero Emissions by 2050,Industrial production,Total,Non metallic minerals (cement),Mt,2020,4054
Net Zero by 2050,Net-Zero Emissions by 2050,Industrial production,Total,Non metallic minerals (cement),Mt,2030,4258
Net Zero by 2050,Net-Zero Emissions by 2050,Industrial production,Total,Non metallic minerals (cement),Mt,2040,4129
Net Zero by 2050,Net-Zero Emissions by 2050,Industrial production,Total,Non metallic minerals (cement),Mt,2050,4032
Net Zero by 2050,Net-Zero Emissions by 2050,Activity of stock,Total,Passenger cars,Billion vehicle-kilometers,2019,15300
Net Zero by 2050,Net-Zero Emissions by 2050,Activity of stock,Total,Passenger cars,Billion vehicle-kilometers,2020,14261
Net Zero by 2050,Net-Zero Emissions by 2050,Activity of stock,Total,Passenger cars,Billion vehicle-kilometers,2030,15775
Net Zero by 2050,Net-Zero Emissions by 2050,Activity of stock,Total,Passenger cars,Billion vehicle-kilometers,2040,19159
Net Zero by 2050,Net-Zero Emissions by 2050,Activity of stock,Total,Passenger cars,Billion vehicle-kilometers,2050,24516
Net Zero by 2050,Net-Zero Emissions by 2050,Activity of stock,Total,Trucks,Billion tonne-kilometers,2019,26646
Net Zero by 2050,Net-Zero Emissions by 2050,Activity of stock,Total,Trucks,Billion tonne-kilometers,2020,25761
Net Zero by 2050,Net-Zero Emissions by 2050,Activity of stock,Total,Trucks,Billion tonne-kilometers,2030,38072
Net Zero by 2050,Net-Zero Emissions by 2050,Activity of stock,Total,Trucks,Billion tonne-kilometers,2040,49756
Net Zero by 2050,Net-Zero Emissions by 2050,Activity of stock,Total,Trucks,Billion tonne-kilometers,2050,59990
Net Zero by 2050,Net-Zero Emissions by 2050,Activity of stock,Total,Total aviation (domestic and bunkers),Billion passenger-kilometers,2019,8160
Net Zero by 2050,Net-Zero Emissions by 2050,Activity of stock,Total,Total aviation (domestic and bunkers),Billion passenger-kilometers,2020,2780
Net Zero by 2050,Net-Zero Emissions by 2050,Activity of stock,Total,Total aviation (domestic and bunkers),Billion passenger-kilometers,2030,10250
Net Zero by 2050,Net-Zero Emissions by 2050,Activity of stock,Total,Total aviation (domestic and bunkers),Billion passenger-kilometers,2040,12060
Net Zero by 2050,Net-Zero Emissions by 2050,Activity of stock,Total,Total aviation (domestic and bunkers),Billion passenger-kilometers,2050,15650
Net Zero by 2050,Net-Zero Emissions by 2050,Activity of stock,Total,Total navigation (domestic and bunkers),Billion tonne-kilometers,2019,107225
Net Zero by 2050,Net-Zero Emissions by 2050,Activity of stock,Total,Total navigation (domestic and bunkers),Billion tonne-kilometers,2020,109153
Net Zero by 2050,Net-Zero Emissions by 2050,Activity of stock,Total,Total navigation (domestic and bunkers),Billion tonne-kilometers,2030,155621
Net Zero by 2050,Net-Zero Emissions by 2050,Activity of stock,Total,Total navigation (domestic and bunkers),Billion tonne-kilometers,2040,209905
Net Zero by 2050,Net-Zero Emissions by 2050,Activity of stock,Total,Total navigation (domestic and bunkers),Billion tonne-kilometers,2050,291032
Net Zero by 2050,Net-Zero Emissions by 2050,Economic indicators,Floor space,Services,Million square meters,2019,49670
Net Zero by 2050,Net-Zero Emissions by 2050,Economic indicators,Floor space,Services,Million square meters,2020,49825
Net Zero by 2050,Net-Zero Emissions by 2050,Economic indicators,Floor space,Services,Million square meters,2030,58867
Net Zero by 2050,Net-Zero Emissions by 2050,Economic indicators,Floor space,Services,Million square meters,2040,68576
Net Zero by 2050,Net-Zero Emissions by 2050,Economic indicators,Floor space,Services,Million square meters,2050,78157
Net Zero by 2050,Net-Zero Emissions by 2050,Economic indicators,Floor space,Residential,Million square meters,2019,190062
Net Zero by 2050,Net-Zero Emissions by 2050,Economic indicators,Floor space,Residential,Million square meters,2020,192558
Net Zero by 2050,Net-Zero Emissions by 2050,Economic indicators,Floor space,Residential,Million square meters,2030,235745
Net Zero by 2050,Net-Zero Emissions by 2050,Economic indicators,Floor space,Residential,Million square meters,2040,290696
Net Zero by 2050,Net-Zero Emissions by 2050,Economic indicators,Floor space,Residential,Million square meters,2050,345183
Net Zero by 2050,Net-Zero Emissions by 2050,Economic indicators,Total,Household,Million units,2019,2095
Net Zero by 2050,Net-Zero Emissions by 2050,Economic indicators,Total,Household,Million units,2020,2116
Net Zero by 2050,Net-Zero Emissions by 2050,Economic indicators,Total,Household,Million units,2030,2435
Net Zero by 2050,Net-Zero Emissions by 2050,Economic indicators,Total,Household,Million units,2040,2765
Net Zero by 2050,Net-Zero Emissions by 2050,Economic indicators,Total,Household,Million units,2050,3051
